skill,Adobe Systems Adobe Acrobat
skill,Databox
skill,Exact Software Macola ES Labor Performance
skill,HCSS HeavyBid
skill,HCSS HeavyJob
skill,Intuit QuickBooks
skill,Microsoft Access
skill,Microsoft Dynamics AX
skill,Microsoft Dynamics GP
skill,Microsoft Excel
skill,Microsoft FRx
skill,Microsoft Office
skill,Microsoft Outlook
skill,Microsoft PowerPoint
skill,Microsoft SharePoint
skill,Microsoft Word
skill,Nedstat Sitestat
skill,Oracle E-Business Suite
skill,Oracle PeopleSoft
skill,PHP
skill,SQL
skill,ActionWare
skill,Adobe Systems Adobe Photoshop
skill,AMG Teleran SalesInSync
skill,Apache Hadoop
skill,Apple Final Cut Pro
skill,Autodesk AutoCAD
skill,Citrix
skill,Deacom ERP
skill,Dynamic Energy Systems MedAct
skill,Facebook
skill,FileMaker Pro
skill,Google AdWords
skill,Google Analytics
skill,HEAT Software GoldMine
skill,IBM Cognos Impromptu
skill,IBM Domino
skill,IBM InfoSphere DataStage
skill,IBM Notes
skill,LexisNexis
skill,LinkedIn
skill,LSA Visual Easy Lean
skill,Maximizer Software Maximizer Enterprise
skill,McAfee
skill,Microsoft Dynamics
skill,Microsoft Exchange Server
skill,Microsoft FrontPage
skill,Microsoft Internet Explorer
skill,Microsoft SQL Server
skill,Microsoft Visio
skill,Microsoft Visual Basic
skill,Microsoft Windows
skill,Minitab
skill,Mozilla Firefox
skill,Mozilla Thunderbird
skill,Nagios
skill,NetSuite ERP
skill,NetSuite NetCRM
skill,Oracle E-Business Suite Financials
skill,Oracle Eloqua
skill,Oracle Hyperion
skill,Oracle JD Edwards EnterpriseOne
skill,Oracle PeopleSoft Financials
skill,Oracle Solaris
skill,Oracle Taleo
skill,PostgreSQL
skill,Qlik Tech QlikView
skill,R
skill,Sage MAS 500
skill,Salesforce.com Salesforce CRM
skill,SAS
skill,Savant MobileRanger
skill,SeaMonkey
skill,Splunk Enterprise
skill,StataCorp Stata
skill,Sugar CRM
skill,Symantec
skill,Vanguard Software Vanguard Sales Manager
skill,Veritas NetBackup
skill,vtiger CRM
skill,Adobe Systems Adobe FrameMaker
skill,Cisco AnyConnect
skill,Citrix GoToMeeting
skill,Corel WordPerfect Office Suite
skill,Rocket/Folio NXT
skill,Adobe Systems Adobe AfterEffects
skill,Adobe Systems Adobe Creative Suite
skill,Adobe Systems Adobe Dreamweaver
skill,Adobe Systems Adobe Flash Player
skill,Adobe Systems Adobe Illustrator
skill,Adobe Systems Adobe InDesign
skill,Adobe Systems Adobe PageMaker
skill,Adobe Systems Adobe Premiere Pro
skill,Apple iMovie
skill,Avid Media Composer
skill,Google DoubleClick
skill,IBM Lotus Notes
skill,JavaScript
skill,MarketSharp
skill,Quark
skill,Relex Weibull
skill,Adobe Systems Adobe Experience Manager (AEM)
skill,Adobe Systems Adobe Reader
skill,Drupal
skill,Hootsuite
skill,MailChimp
skill,Pinterest
skill,Twitter
skill,Vimeo
skill,WordPress
skill,Adobe Systems Adobe ActionScript
skill,Adobe Systems Adobe Creative Cloud
skill,Adobe Systems Adobe Fireworks
skill,Adobe Systems Adobe Flash
skill,AEC Software FastTrack
skill,Apache Cassandra
skill,Apache Solr
skill,AWS Redshift
skill,Elasticsearch
skill,Microsoft Visual Basic Scripting Edition VBScript
skill,MySQL
skill,NoSQL
skill,Oracle Business Intelligence Enterprise Edition
skill,Oracle JavaServer Pages JSP
skill,Oracle PL/SQL
skill,Ruby on Rails
skill,Bentley MicroStation
skill,Eclipse IDE
skill,Microsoft Azure
skill,Adobe Systems Adobe Distiller
skill,Blackbaud eTapestry
skill,Google Gmail
skill,Instagram PeopleMap
skill,Novell GroupWise
skill,Slack
skill,ADP Enterprise HRMS
skill,Microsoft Windows XP
skill,Sage MAS 200 ERP
skill,Adobe Systems Adobe Flex
skill,Apache Maven
skill,Apache Tomcat
skill,Backbone.js
skill,C
skill,Dartware InterMapper
skill,IBM iSeries Access
skill,IBM WebSphere
skill,Infor ERP Baan
skill,KornShell
skill,Langlais Computer Consultants CalMan
skill,Linux
skill,Mac HelpMate
skill,Microsoft .NET Framework
skill,Microsoft Business Contact Manager
skill,Microsoft Dynamics CRM
skill,Microsoft Dynamics NAV
skill,Microsoft Entourage
skill,Microsoft Office SharePoint Server MOSS
skill,Microsoft Visual FoxPro
skill,Microsoft Visual Studio
skill,Microsoft Windows Server
skill,MongoDB
skill,Node.js
skill,Oracle Java
skill,Oracle Primavera Systems
skill,Pegasus software
skill,Performance Solutions Technology ManagePro
skill,Pilgrim Quality Solutions SmartSolve
skill,Progress OpenEdge ABL
skill,Progress OpenEdge Fathom Replication software
skill,Progress Sonic ESB
skill,Python
skill,QUALCOMM Eudora
skill,Red Hat Enterprise Linux
skill,Red Hat WildFly
skill,Samba
skill,SOX COBIT
skill,TKSoftware
skill,UNIX
skill,"ADERANT Expert Back Office, Powered by Keystone"
skill,Corel QuattroPro
skill,Deltek
skill,Exact Software Macola ES
skill,Hyperion Enterprise
skill,Microsoft Dynamics SL
skill,MYOB Premier Accounting Small Business Suite
skill,Oracle Hyperion Planning
skill,Moody's KMV FAMAS
skill,Citect IIM
skill,IBM Rational ClearQuest
skill,ProcessPro Premier
skill,Prosys
skill,PTC Creo Parametric
skill,QUMAS
skill,Scadex Technologies MAESTRO
skill,ASI DATAMYTE GageMetrics
skill,ASI DATAMYTE QDA
skill,CAMA Software Quality Collaboration By Design QCBD
skill,CEBOS MQ1 software
skill,Harrington Group HQMS
skill,Labvantage Solutions LIMS
skill,Promium Element DataSystem LIMS
skill,Quality Systems International WinLIMS
skill,Systat Software Lisa.lims
skill,Infostat RIMBase
skill,WorkTech MAXIMO
skill,Bowen & Groves M1 ERP
skill,Epicor Vantage ERP
skill,ALK Technologies FleetSuite
skill,Amber Road
skill,Autodesk AutoCAD Civil 3D
skill,Geometrix
skill,IBM i2 Transportation Manager
skill,Infosite Technologies Dispatch-Mate
skill,Intergraph GeoMedia Transportation Manager
skill,Scanlon Associates LogPak
skill,TMW PowerSuite
skill,Catalyst International CatalystConnect
skill,Radio Beacon WMS
skill,Sentai Pinpoint
skill,TECSYS EliteSeries
skill,TECSYS PointForce Enterprise
skill,3PL Central
skill,ESRI ArcLogistics
skill,Logisuite Enterprise
skill,Transtek Compass ERP
skill,UPS WorldShip
skill,USPS.com
skill,Apex Business Software iHR
skill,Ascentis HR
skill,Global Groupware Solutions Limited Smiles ERM On-Demand
skill,Jenss & Associates CompKeeper
skill,NuView Systems NuViewHR
skill,OrangeHRM
skill,PDS Vista HRMS
skill,People-Trak HR Essentials
skill,PerfectSoftware PerfectHR
skill,PSTek
skill,Sage Abra HRMS
skill,Vantage Point Software HRA
skill,AccountantsWorld Payroll Relief
skill,ADP Enterprise HR
skill,Corel WordPerfect
skill,Deltek Vision
skill,Harpers Payroll Services HR la Carte
skill,Inception Technologies InfiniTime
skill,Infotronics Attendance Enterprise
skill,Kronos Enterprise Workforce Management
skill,Nuvosoft Rwiz
skill,Oracle HRIS
skill,Paychex
skill,Qqest TimeForce
skill,Stromberg Enterprise
skill,Taleo Enterprise Talent Management Suite
skill,Adobe Systems Adobe Captivate
skill,Adobe Systems Adobe Presenter
skill,AgileView Software SmartView
skill,Alchemy Systems SISTEM
skill,Cornerstone OnDemand Cornerstone Learning
skill,Eedo Knowledgeware Eedo Force Ten
skill,EZ LCMS
skill,Freeze.com Ovation Studio Pro
skill,FunEducation Outstart Trainer
skill,ICS Learning Group Inquisiq EX
skill,Intelladon Enterprise Knowledge Platform EKP
skill,Learn.com CourseMaker Studio
skill,Learn.com LearnCenter Talent Management Suite
skill,Linspire Nvu
skill,Magenta MultiMedia Tools Magenta II
skill,MediaChance Multimedia Builder
skill,Moodle
skill,NetDimensions Enterprise Knowledge Platform EKP
skill,Pathlore LMS
skill,Saba Centra
skill,SkillSoft SkillPort
skill,SumTotal Systems ToolBook
skill,Trivantis Lectora
skill,WBT Systems TopClass
skill,Xyleme Learning Content Management System LCMS
skill,Ziiva Prosperity LMS
skill,Argos Software ABECAS Insight
skill,Advanced Veterinary Services Ranch Vision
skill,Ag Connections Land.db
skill,Ag Leader Technology SMS Advanced
skill,CattleWorks
skill,Delta Data Systems AGIS
skill,DIVA-GIS
skill,ESRI ArcPad
skill,KELTEC Systems HerdMaster
skill,MapInfo
skill,Pear Technology Fieldman Farmer
skill,Sunrise Software CropSave
skill,Trimble Farm Works
skill,Autodesk Revit
skill,CSI WSE CodeBuddy
skill,Intuit QuickBase
skill,Jobber Computer Plus
skill,Lombardi Teamworks
skill,Profitool GearWatch
skill,Quantum Software Solutions Quantum Project Manager
skill,UDA Technologies ConstructionSuite
skill,ACS Technologies HeadMaster
skill,Auburn Software Debit Square
skill,Cirrus Group Daycare Works
skill,Intuit Quicken
skill,Kressa Software SchoolLeader
skill,Orgmation iCare
skill,PraxiPower PraxiSchool
skill,ScholarCare
skill,SoftCare CenterCare
skill,Gmail
skill,Google Drive
skill,LogicalBit Eimas
skill,Pearson PowerSchool
skill,Rediker Software School Office Suite
skill,Seasia Consulting School Wizard
skill,Jenzabar EX
skill,Adobe Systems Adobe Connect
skill,Campus Cruiser LMS
skill,ConferenceEdge
skill,Adobe Systems Adobe LifeCycle ES
skill,Aptean Made2Manage
skill,Autodesk Buzzsaw
skill,Autodesk VIZ
skill,Chef
skill,Cisco Systems IOS
skill,Dassault Systemes CATIA
skill,Django
skill,Docker
skill,ESRI ArcView
skill,GitHub
skill,HEC RAS
skill,HEC-1
skill,National Instruments LabVIEW
skill,Scala
skill,Ubuntu
skill,Verilog
skill,Wireshark
skill,Agilent ChemStation
skill,GE Energy GateCycle
skill,Apache Groovy
skill,Aurora FoodPro
skill,DataTeam Lunch Express
skill,SoftCafe MenuPro
skill,CodeJam MemoriesOnTV
skill,FPA Software MACCS
skill,Mortware Professional
skill,Twin Tiers Technologies CIMS
skill,Twin Tiers Technologies MIMS
skill,Anand Systems ASI FrontDesk
skill,Enablez ResortSuite
skill,ePOS Business Solutions System 3 POS
skill,GraceSoft Easy InnKeeping Suite
skill,MICROS Systems OPERA Enterprise Solution OES
skill,TCS Hotel Software Guest Tracker
skill,3DGrid HIPAA Checkup
skill,Allscripts Misys Healthcare Systems
skill,American Medical Association CodeManager
skill,ColorSoft AutoMatch
skill,ConceptDraw
skill,Emdeon HealthPro
skill,Expert Health Data Programming Vitalnet
skill,GE Healthcare Centricity EMR
skill,Henry Schein Dentrix
skill,MEDENT
skill,MEDITECH Medical and Practice Management MPM Suite
skill,Microsoft SQL Server Reporting Services
skill,PCC EHR
skill,Yost Engineering ABN Assistant
skill,Yost Engineering ClaimScrub
skill,Yost Engineering CodeSearch Pro
skill,Yost Engineering EpiCoder
skill,Yost Engineering EPStaffCheck
skill,ClearTrial
skill,DZS Software Solutions ClinPlus
skill,InforSense InforSense
skill,Oracle Clinical
skill,Sierra Scientific Software CRIS
skill,StudyManager Sponsor Edition
skill,SyMetric Sciences SyMetric
skill,TOPAZ Enterprise Software Suite
skill,DHI MIKE URBAN
skill,ESRI ArcInfo
skill,FishXing
skill,Google Earth Pro
skill,HEC-HMS
skill,HEC-RAS
skill,MWH Soft InfoSWMM
skill,Wallingford Software InfoSewer
skill,eBuy
skill,Domin-8 Enterprise Solutions RentRight
skill,Domin-8 Enterprise Solutions Tenant Pro
skill,Landport Systems Landport
skill,Property Solutions International ResidentPortal
skill,Qualitica RentBoss
skill,RealPage OneSite
skill,SpiritWorks Software Development Rental Property Tracker Plus
skill,Yardi Systems Yardi Enterprise
skill,PointClickCare HER
skill,Alert Technologies OpsCenter
skill,MapInfo Professional
skill,Adlib Express
skill,Axway eSubmissions
skill,DoubleBridge ROSETTA Phoenix eCTD Viewer
skill,Lorenz DocuBridge
skill,MediRegs Pharmaceutical Regulation Suite
skill,Samarind RMS
skill,Virtify eCTD
skill,Aline GRC
skill,Audit2 AdaptiveGRC
skill,Axentis Compliance Management
skill,Compliance11 Supervisory Suite
skill,ComplianceBridge Total Compliance
skill,ControlCase Compliance Manager
skill,FRSGlobal RegPro
skill,Horwath Software Magique
skill,Keane SCORE
skill,MasterControl MD
skill,MasterControl TotalPharma
skill,MetricStream Compliance Management
skill,MetricStream Enterprise Compliance Platform
skill,Neohapsis Certus GRC
skill,The Garland Group RiskKey
skill,Thomson Reuters Paisley Enterprise GRC
skill,Autodesk AutoCAD Blue Sky
skill,Microsoft MapPoint
skill,ReadSoft
skill,SunGard Financial Systems AddVantage
skill,Epicor SRM
skill,Epicor WMS
skill,IBM ILOG LogicNet Plus XE
skill,IBS MRP
skill,Infor SCM
skill,JDA Master Planning
skill,Oracle e-Business Suite Supply Chain Management
skill,QAD MFG Pro
skill,Gensuite
skill,WebEx WebOffice
skill,ESRI ArcMap
skill,Biztrak Business Solutions Biztrak
skill,Claritas ConsumerPoint
skill,Kliger-Weiss Infosystems
skill,Millennium Software Atrex
skill,Oracle Advanced Procurement
skill,Plexis Software Plexis POS
skill,Sage ERP Accpac
skill,Specialized Business Solutions Keystroke POS
skill,Apple AppleWorks
skill,IBM Costimater
skill,QSM SLIM
skill,Softstar Costar COCOMO II
skill,Software AG
skill,Xactware Xactimate
skill,AutoClaims Direct DirectLink
skill,Bramerhill ClaimsTech
skill,Captiva InputAccel
skill,Clear Technology Tranzax
skill,Covansys ClaimConnect
skill,Datanex ClaimTrac
skill,Hyland OnBase Enterprise Content Management
skill,LexisNexis RiskWise
skill,BCCORP Burkitt W5
skill,MapScenes Evidence Recorder
skill,MapScenes Pro
skill,PhotoModeler
skill,Visual Statement Investigator Suite
skill,A-T Solutions Easy Street Draw
skill,Meridian Technologies SurePoint
skill,Mitchell International Mitchell WorkCenter
skill,Swan River Software Estimiser Pro
skill,Vertafore ImageRight
skill,DQO-PRO
skill,Gerstco AAPBase
skill,Peopleclick AAPlanner
skill,Peopleclick CAAMS
skill,Peopleclick PayStat
skill,BrioQuery
skill,Coeus
skill,Esri ArcGIS
skill,Microsoft NetMeeting
skill,Peninsula Software Quicktrack Pro
skill,Alcestis
skill,Mideo Systems EZDoc Plus
skill,DataVision
skill,EFI Hagen OA
skill,Galorath SEER
skill,Laserfiche Avante
skill,Logic Software Easy Projects.NET
skill,Palisade @Risk
skill,PRICE Sytems TruePlanning
skill,Adobe Systems Adobe LifeCycle Enterprise Suite
skill,Arbita OnePost
skill,Arbita OneWorld
skill,Bond International Software Bond StaffSuite
skill,Cluen
skill,Cluen Encore
skill,CVTracer
skill,DGCC.com RecruitTrack
skill,GoBackgrounds
skill,Google
skill,HireAbility ResumeParser
skill,HireLogic PowerPlace
skill,Intelius
skill,Kronos Workforce HR
skill,Lawson Human Resource Management Suite
skill,Main Sequence Technologies PCRecruiter
skill,Monster.com
skill,MPAY Millennium
skill,PostingPal
skill,PowerPlace Professional
skill,RecruitTrack
skill,StaffingSoft Staffing Edition
skill,Talent Technology HireDesk
skill,Talent Technology Resume Mirror
skill,Technomedia Hodes iQ
skill,Trovix
skill,LOGSA SYSPARS
skill,Prolog
skill,Relex FMEA
skill,ReliaSoft XFMEA
skill,Reliass EAGLE
skill,AJAX
skill,Ext JS
skill,Google AngularJS
skill,IBM Cognos ReportNet
skill,IBM Rational RequisitePro
skill,JavaScript Object Notation JSON
skill,jQuery
skill,JUnit
skill,Microsoft ActiveX
skill,Microsoft ASP.NET
skill,Microsoft ASP.NET Core MVC
skill,Microsoft Business Intelligence BI
skill,Microsoft PowerShell
skill,Microsoft Team Foundation Server
skill,Oracle Agile Product Lifecycle Management PLM
skill,Oracle Business Intelligence Publisher
skill,Oracle JDBC
skill,Transact-SQL
skill,Dean Evans & Associates EMS Professional
skill,Lenos
skill,MeetingMatrix International
skill,Planstone
skill,SofterWare DonorPerfect
skill,Tessitura Network Tessitura Software
skill,WealthEngine Findwealth
skill,Actuarial Systems Corporation DV Direct
skill,ADP Enterprise eTime
skill,Apex Business Software iBenefits
skill,BEMAS PayDirect
skill,BenAssist
skill,BeneLink Connect
skill,Callidus TrueComp
skill,Humanic Design Employmee Self-Service
skill,IBM Cognos
skill,InfinityHR
skill,Lawson ERP
skill,Lynchval Systems Lvadmin
skill,Lynchval Systems Lvval
skill,Lynchval Systems Lvxact
skill,NPKTools Comp Analytics
skill,NPKTools CompXpert
skill,OnQue Technologies COBRA OnOne
skill,Sage Abra
skill,Salary.com
skill,Synygy
skill,Xactly Compel
skill,Adobe Systems Adobe Authorware
skill,Prezi
skill,37Signals Basecamp
skill,AndersonBell Abstat
skill,Aprimo Marketing
skill,Cytel LogXact
skill,Factiva
skill,Galilee Enterprise TargetPro
skill,GLOBE Claritas
skill,GMI NET-MR
skill,IBM IMS
skill,IBM Intelligent Miner
skill,Oracle Darwin
skill,Perseus SurveySolutions
skill,Provalis Research Simstat
skill,StatPac
skill,TechExcel ServiceWise
skill,Thomson Financial Investext
skill,TNS Miriad
skill,Walmart Retail Link
skill,WinCross
skill,Abraxas Energy Consulting Metrix
skill,ACCA Manual J
skill,DesignBuilder Software DesignBuilder
skill,EnergyPlus
skill,Fielding Data Labs OptoMizer
skill,InterEnergy Software Building Energy Analyzer PRO
skill,Itron Enterprise Energy Management EEM Suite
skill,Snugg Home Snugg Pro
skill,Trane TRACE
skill,Wolfram Research Mathematica
skill,AccessData FTK
skill,Adobe Systems Adobe ColdFusion
skill,Chinotec Technologies Paros
skill,Cisco Systems CiscoWorks
skill,e-fense Helix3
skill,IBM Informix
skill,Metasploit
skill,Microsoft Windows PowerShell
skill,Nmap
skill,Oracle Java EE
skill,Symantec PGP
skill,TrueCrypt
skill,COOP Systems myCOOP
skill,Jaspersoft Business Intelligence Suite
skill,RecoveryPlanner RPX
skill,SunGard NotiFind
skill,Bing Ads
skill,CCBill
skill,Google Checkout
skill,IBM Digital Analytics
skill,Magento Analytics
skill,PayPal
skill,ProPay
skill,1099 ProsSoftware
skill,AdaptaSoft CyberPay
skill,Advanced Micro Systems 1099-Etc
skill,AuditWare
skill,BNA Estate and Gift Tax Suite
skill,Cammack Computations Inter-Est
skill,Intrax ProcedureNet
skill,Intuit ProSeries
skill,Intuit QuickBooks Premier
skill,Intuit TurboTax
skill,KPB Associates TaxStream
skill,Micronetics Xpert Write-up
skill,OSI TrustWise
skill,Paisley IssueTrack
skill,Paisley RiskNavigator
skill,PROPHIX Enterprise
skill,Sage BusinessWorks
skill,Sage MAS 200
skill,Thomson GoSystem Tax
skill,Tumbleweed SecureTransport
skill,UA Business Software Professional Edition
skill,ACL Business Assurance Analytics
skill,BizBench
skill,CaseWare International IDEA
skill,CashFlow Guardian
skill,Choice Technologies PowerBill +
skill,Datavantage
skill,Kirix ProffiPoint
skill,Microsoft Works
skill,PricewaterhouseCoopers TeamMate
skill,Sage HandiSoft HandiLedger
skill,Sageworks ProfitCents
skill,Thomson Creative Solutions Engagement CS
skill,a la mode Pocket TOTAL
skill,Concierge Systems Report Concierge
skill,FBS Data Systems Flexmls
skill,Govern Software GovMap
skill,Greenbrier Graphics Deed Plotter
skill,Hansen CAMA
skill,Howard and Friends Computer CMA Plus
skill,Manatron ProVal Plus
skill,MicroSolve CAMA
skill,IBM Cognos Business Intelligence
skill,IBM Cognos Planning
skill,Lilly Software Associates VISUAL Enterprise
skill,Microsoft Visual Basic.NET
skill,Open Systems TRAVERSE
skill,Oracle PeopleSoft Enterprise
skill,OutlookSoft
skill,Revelwood
skill,Sage MAS 90 ERP
skill,SAP Business One
skill,SAP Crystal Xcelsius
skill,CGI-AMS CACS Enterprise
skill,eCredit Enterprise
skill,Equifax Advanced Decisioning
skill,Equifax InterConnect
skill,Experian Credinomics
skill,Experian Quest
skill,Experian Transact SM
skill,BizPricer
skill,Business Forecast Systems Forecast Pro
skill,Derivicom FinOptions XL
skill,Harland Financial Solutions DecisionPro
skill,Keypoint DataDesk
skill,Matheny Pattern Forecaster Plus
skill,Montgomery Investment Technology Bonds XL
skill,Montgomery Investment Technology QuoteTools
skill,Montgomery Investment Technology Risk XL
skill,Montgomery Investment Technology Utility XL
skill,Moss Adams Profit Mentor
skill,Palisade Evolver
skill,Pi Blue OptWorks Excel
skill,RiskMetrics Group WealthBench
skill,SAS JMP
skill,Spreadware Pro Forma
skill,TechHackers Exotic @nalyst
skill,TechHackers Financial @nalyst
skill,TechHackers IRO @nalyst
skill,TechHackers MBS @nalyst
skill,TickQuest NeoTicker
skill,Wolfram Research Mathematica Finance Essentials
skill,CRM Software Junxure
skill,CRM Software Junxure-i
skill,EISI NaviPlan
skill,eMoneyAdvisor AdvisorPlatform
skill,ExpenseWatch
skill,Financeware WealthSimulator
skill,Investigo
skill,Microsoft Money
skill,Morningstar Principia
skill,Net Worth Strategies Stock Opter Pro
skill,Optima IAS
skill,PIE Technologies MoneyGuidePro
skill,PlanPlus Pro
skill,Sawhney ExecPlan
skill,SunGard Frontier
skill,SunGard WebPlaid
skill,WealthTec AllocationPro
skill,WealthTec WealthMaster
skill,Web Information Solutions Pocket Informant
skill,World Software Corporation Worldox
skill,Anodas Software Limited Phoenix
skill,Consilience Software Maven Insurance Automation Suite
skill,Fair Isaac Enterprise Decision Management for Insurance
skill,Fiserv Advanced Underwriting
skill,NIIT Technologies WinRisk
skill,QualCorp FormsPlus
skill,Skywire Software InsBridge
skill,Westlaw
skill,CoreLogic DebtorTrace
skill,Freddie Mac Loan Prospector
skill,ICCO CreditSoft
skill,LexisNexis Accurint
skill,Paragon Financial Services Paragon Financial System
skill,ELM Resources ELM
skill,California Infinite LPS
skill,Ellie Mae Contour
skill,Ellie Mae Genesis
skill,eOriginal eCore Business Suite
skill,IA Systems StreamLend
skill,Integra Destiny Loan Origination
skill,LA PRO Loan Administrator Pro
skill,Technicost LOS
skill,Wolters Kluwer Financial Services ComplianceOne
skill,ACI TaskTracker
skill,Datagroup ElectroFile ELF
skill,Greatland Corporation Winfiler
skill,Petz Enterprises V-Tax
skill,Thomson GoSystem MyTaxInfo
skill,Bloomberg Professional
skill,Aptech Systems GAUSS
skill,Moody's RiskCalc
skill,TIBCO Spotfire
skill,Ada
skill,Augmint
skill,Clustermatic
skill,CMAKE
skill,Doxygen
skill,Eiffel
skill,Embarcadero JBuilder
skill,IBM Rational Apex
skill,IBM Rational Rose
skill,Microsoft Visual Studio.NET
skill,Sun Microsystems Solaris
skill,VME PowerPC VxWorks
skill,Waikato Environment for Knowledge Analysis Weka
skill,Adobe ColdFusion
skill,IBM DB2
skill,IBM Rational PurifyPlus
skill,Informatica Corporation PowerCenter
skill,InstallShield
skill,J
skill,Omni Group OmniGraffle
skill,Oracle Business Intelligence Suite
skill,Oracle Java 2 Platform Enterprise Edition J2EE
skill,Oracle Master Data Management MDM Suite
skill,OrCAD Capture
skill,Rapide
skill,SAP Adaptive Server Enterprise
skill,SAP BusinessObjects Desktop Intelligence
skill,SAP Master Data Management MDM
skill,SAP NetWeaver
skill,SAP Netweaver BW
skill,Stac Software ReachOut
skill,Sun Microsystems Sun ONE
skill,Wise Solutions Wise for Windows Installer
skill,Allscripts Professional EHR
skill,Allscripts Sunrise Clinical Manager
skill,Cerner Millennium
skill,Cerner PowerChart
skill,McKesson ANSOS One-Staff
skill,Medscribbler Enterprise
skill,Netsmart Technologies CareNet
skill,Picis CareSuite
skill,Seimens Healthineers
skill,StatCom Patient Flow Logistics Enterprise Suite
skill,Texas Medical Software SpringCharts EMR
skill,Honeypot
skill,HP Fortify
skill,HP WebInspect
skill,IBM QRadar SIEM
skill,IBM Tivoli Access Management TAM
skill,IBM Tivoli Identity Management TIM
skill,Imperva SecureSphere
skill,ISS RealSecure
skill,Kali Linux
skill,McAfee VirusScan
skill,Micro Focus OpenView
skill,Portswigger BurP Suite
skill,Rapid7 Nexpose
skill,SeleniumHQ
skill,Symantec Endpoint Protection
skill,Symantec Norton Antivirus
skill,Tcpdump
skill,Trend Micro TippingPoint
skill,WinMerge
skill,Adobe Systems Adobe PostScript
skill,Amazon Kinesis
skill,AWK
skill,Bourne Shell
skill,Clipper
skill,dBASE Plus
skill,Emerald Software Group Emerald Green Office
skill,Haskell
skill,IEA Software Emerald
skill,Microsoft Silverlight
skill,Modula
skill,Pascal
skill,ADO.NET
skill,Allaire ColdFusion
skill,Amazon DynamoDB
skill,Apache Avro
skill,Apache Hbase
skill,Apache Oozie
skill,GNU Image Manipulation Program GIMP
skill,IBM Middleware
skill,LibreOffice
skill,Red Hat Ansible Engine
skill,SAP PowerBuilder
skill,Xcode
skill,IBM AIX
skill,IBM Rational Rose XDE Developer D93
skill,Microsoft DirectX
skill,Oracle Business Intelligence Discoverer
skill,QNX
skill,SAP Business Intelligence
skill,Android
skill,FlexBox
skill,Jekyll
skill,MarkLogic
skill,MeteorJS
skill,Microsoft Visual InterDev
skill,Microsoft Visual SourceSafe
skill,Nunjucks
skill,PhantomJS
skill,RequireJS
skill,Travis
skill,Ab Initio
skill,Acronis Recovery Expert
skill,Apache Mahout
skill,Apache Sqoop
skill,ASG Technologies ASG-Zeke
skill,BMC Software Change Manager
skill,BMC Software Control-M
skill,BMC Software Recovery Manager RMAN
skill,CA IDMS
skill,IBM ADSTAR
skill,IBM Interactive System Productivity Facility ISPF
skill,IBM Rational Data Architect
skill,Informatica Big Data
skill,MariaDB
skill,Micosoft SQL Server Analysis Services SSAS
skill,Oracle Application Express APEX
skill,Oracle Enterprise Manager
skill,Oracle Enterprise Manager Cloud Control
skill,Oracle Golden Gate
skill,Oracle Learning Management
skill,Oracle SQL Plus
skill,Quest SharePlex
skill,Redgate SQL Server
skill,Zabbix
skill,Citrix XenApp
skill,IBM NetView
skill,Lavalys Everest
skill,LogMatrix NerveCenter
skill,OpenService Open NerveCenter
skill,Quest Foglight
skill,Symantec Ghost Solution Suite
skill,AirMagnet Enterprise
skill,Aruba Networks AirWave
skill,BroadSoft BroadWorks
skill,CA eTrust
skill,Cisco IOS
skill,Cisco Systems Cisco Web Cache Communication Protocol WCCP
skill,Compaq Insight Manager
skill,Infoblox
skill,Lucent VitalSuite
skill,Microsoft Active Directory
skill,OPNET APMXpert
skill,Segue SilkPerformer
skill,IBM Rational Requirements Composer
skill,SiteMaster SiteSmart
skill,Zmanda Amanda
skill,iPro
skill,Symantec LiveState
skill,Arping
skill,Bentley ProjectWise
skill,BitWizard B.V. mtr
skill,BlackBerry Enterprise Server
skill,BMC Software Remedy IT Service Management Suite
skill,EMC Ionix Network Configuration Manager
skill,IBM Security Network Intrusion Prevention System
skill,IBM Tivoli NetView Distribution Manager
skill,ifconfig
skill,ipconfig
skill,nbtstat
skill,netstat
skill,ngrep
skill,Nslookup
skill,Roxio Retrospect
skill,Sonicwall SonicOS Enhanced
skill,Symantec Veritas NetBackup
skill,Traceroute
skill,Acresso InstallAnywhere
skill,Adobe Systems Adobe After Effects
skill,Borland SilkTest
skill,Bugzilla
skill,CruiseControl
skill,ej-technologies JProfiler
skill,FileMon
skill,IBM Rational Robot
skill,JetBrains IntelliJ IDEA
skill,RegMon
skill,SmartBear Software AutomatedQA TestComplete
skill,Twiki
skill,Watir
skill,Wind River Systems VxWorks
skill,YourKit Java Profiler
skill,Adobe Systems Adobe AIR
skill,Altia Design
skill,Borland VisiBroker
skill,Clarity Systems IBM Clarity
skill,DBTools Software DBManager Professional
skill,Grails
skill,IBM ILOG
skill,IBM Infosphere Information Server
skill,IBM Lotus SameTime
skill,IBM Rational Build Forge
skill,IONA Orbix
skill,Adobe Systems Adobe Director
skill,Adobe Systems Adobe FreeHand
skill,Adobe Systems Adobe Macromedia HomeSite
skill,Adobe Systems Adobe Shockwave Player
skill,CA SiteMinder
skill,Joomla
skill,Microsoft Exchange
skill,OpenText Livelink ECM
skill,Salesforce Marketing Cloud
skill,Sony Sound Forge
skill,Sorenson Media Sorenson Squeeze
skill,SSL
skill,ESRI ArcSDE
skill,ITT Visual Information Solutions ENVI
skill,Leica Geosystems ERDAS IMAGINE
skill,Autodesk Land Desktop
skill,Autodesk MapGuide
skill,Autodesk Topobase
skill,ESRI ArcEditor
skill,ESRI ArcIMS
skill,Sun Microsystems Java
skill,Trimble Pathfinder Office
skill,Adeptia ETL Suite
skill,Apatar
skill,Cloudera Impala
skill,IBM Content Manager
skill,IBM Rational System Architect
skill,Jitterbit
skill,Oracle Jdeveloper
skill,Rapid-I RapidMiner
skill,SAP PowerDesigner
skill,Scriptella
skill,SMSi Twister Data Integrator
skill,Talend Open Studio
skill,Aster Data nCluster
skill,Embarcadero ER/Studio XE
skill,IBM Clarity Systems Clarity
skill,SAP IQ
skill,Talendforge
skill,Teradata BTEQ
skill,Teradata FastExport
skill,Teradata FastLoad
skill,Teradata Tpump
skill,IBM Unica Enterprise
skill,Microsoft Proclarity
skill,Oracle Essbase
skill,Actano Rplan
skill,AnthillPro
skill,Apache Gump
skill,Ascensio Systems TeamLab
skill,Clarizen
skill,Daptiv PPM
skill,Disarea 5pm
skill,Edgewell Trac
skill,ElectricCloud ElectricCommander
skill,Endeavour Agile ALM
skill,FinalBuilder
skill,Fog Creek Software FogBugz
skill,Forum One Communications ProjectSpaces
skill,i-lign
skill,IBM Rational Build Forge Enterprise
skill,IBM Software Configuration and Library Manager SCLM
skill,Kforge
skill,KOffice.org Kplato
skill,KommandCore
skill,MantisBT
skill,MatchWare MindView
skill,Microsoft Visual Studio Team Foundation Server
skill,MPI Micro Planner X-Pert
skill,NovaMind Merlin Project Manager
skill,OfficeWork Software TurboProject
skill,OpenMake Software Meister
skill,OpenMake Software Mojo
skill,Oracle Primavera P6 Professional Project Management
skill,Palbridge Ubidesk
skill,Planbox
skill,Planisware
skill,pm ase QuickBuild
skill,Project.net
skill,ProjectLibre
skill,QSM SLIM Suite
skill,Redmine
skill,Sciforma
skill,SharedPlan Software SharedPlan Pro
skill,Siemens Teamcenter
skill,ThoughtWorks Studio Mingle
skill,Tigris Cabie
skill,Vitria M3O Operational Intelligence
skill,WBS Goplan
skill,web2project
skill,Wrike
skill,Xplanner
skill,ASPX
skill,BrightEdge
skill,Kanoodle
skill,Majestic SEO
skill,Microsoft Bing
skill,WhatsApp
skill,ActionScript
skill,Autodesk 3ds Max
skill,Autodesk Maya
skill,Lua
skill,OpenGL
skill,Unity Technologies Unity
skill,Virtual Battlespace 2 VBS2
skill,Ademero Content Central
skill,Alfresco Software Alfresco
skill,Computhink ViewWise
skill,Conarc iChannel
skill,Day Software CQ5 Web Content Management
skill,DB Tech RAS
skill,EMC Document Sciences xPression
skill,FileHold Systems FileHold
skill,Hyland Software OnBase
skill,IBM BPM Blueprint
skill,IBM FileNet Content Manager
skill,IBM MVS
skill,Newgen Software Technologies OmniDocs
skill,Objectif Lune PlanetPress Suite
skill,Oracle Universal Content Management
skill,Oracle WebLogic
skill,SAP DMS
skill,SAP ERP Financials
skill,Saperion ECM
skill,SpringCM
skill,Thomson Reuters GoFileRoom
skill,Treeno Software Treeno Content Server
skill,Westbrook Fortis
skill,Xerox DocuShare
skill,Xythos Enterprise Document Management Suite
skill,Lewis & Ellis LEAPPS
skill,Milliman ReservePro
skill,Oak Mountain Software AnnuityValue
skill,PolySystems Asset Delphi
skill,AUTO
skill,Geomview
skill,IBM SPSS Amos
skill,JACAL
skill,Kant
skill,KSEG
skill,LINDO Systems LINDO API
skill,Magma
skill,Mathsoft Mathcad
skill,Maxima
skill,Multipath Corporation Fast Matrix Solver FMS
skill,Numeritek NUMERICA
skill,PARI/GP
skill,SHAZAM
skill,Systat Software SigmaPlot
skill,ESRI ArcExplorer
skill,Hyperion Solutions Hyperion Intelligence
skill,iGrafx
skill,LINDO Systems LINGO
skill,Rockwell Automation Arena
skill,Stanford Business Software MINOS
skill,Stanford Business Software SNOPT
skill,IBM SPSS AnswerTree
skill,SAS Enterprise Miner
skill,Scientific Software International SSI LISREL
skill,Statistical Solutions BMDP
skill,Systat Software SigmaStat
skill,XGobi
skill,XLISP-STAT
skill,Autocoders
skill,Design Science MathType
skill,JKGRAPH
skill,Winplot
skill,Winstats
skill,Autodesk 3ds Max Design
skill,Autodesk Architectural Studio
skill,BQE Software ArchiOffice
skill,Drcauto Smart Architect LT Pro
skill,FEMA EMMIE
skill,FileNet P8
skill,Graphisoft ArchiCAD
skill,MyFamilySoftware Instant Architect
skill,NavisWorks Jetstream
skill,VectorWorks ARCHITECT
skill,Aldus FreeHand
skill,Arbor Image Draftsman
skill,Autodesk World
skill,Bentley Systems InRoads Suite
skill,Boeing SoftPlotter
skill,Cosmo Software Cosmo World
skill,ERDAS ER Mapper
skill,Leica AEROPLAN LiDAR
skill,Mapthematics GeoCart
skill,Quark Immedia
skill,Rand McNally World Digital Database
skill,RSI ENVI
skill,Terrasolid TerraScan
skill,World Vector Shoreline
skill,Autodesk AutoCAD Land Desktop
skill,CloudWorks
skill,CMT Incorporated CogoCAD
skill,Crones & Associations Project Tracker Pro
skill,Geocomp Systems GeoNav
skill,HYPACK HYSWEEP
skill,HYPACK MAX
skill,MicroSurvey FieldGenius
skill,MicroSurveyCAD
skill,Sharetech Tabs Plus
skill,Sokkia G2
skill,Sokkia Imap
skill,Sokkia Spectrum Survey Suite
skill,Trimble Terramodel
skill,Carlson Civil
skill,CMT CogoCAD
skill,Geo-Plus
skill,Geocomp Systems GeoCalc
skill,MicroSurvey Software MicroSurvey CAD
skill,QuickCogo
skill,Underhill Geomatics Copan
skill,Alstom ESARAD
skill,Alstom ESATAN
skill,Altera Quartus II
skill,ANSYS
skill,Cullimore & Ring Technologies SINDA/FLUINT
skill,Digital Equipment Corporation DIGITAL Fortran 90
skill,Harvard Thermal TAS
skill,IBM Rational DOORS
skill,MSC Software Nastran
skill,MSC Software Patran
skill,Phoenix Integration ModelCenter
skill,Tecplot Focus
skill,Eagle Point LANDCADD
skill,Cadence Allegro Design Entry Capture and Capture CIS
skill,PTC Pro/ENGINEER Wildfire
skill,SNOINO RCM Pro
skill,SNOINO Ttree
skill,Stratasys FDM MedModeler
skill,Zuken
skill,CAD/CAM
skill,ChemicaLogic SteamTab
skill,Chempute Software ChemDraw
skill,Chempute Software EstPro
skill,Chempute Software VisiMix
skill,EPCON International CHEMPRO Engineering Suite
skill,GE Fanuc Proficy Machine Edition
skill,Madison Technical Software Enviropak
skill,Madison Technical Software Steampak
skill,Prode PD-Plus
skill,Bentley Haestad Methods CivilStorm
skill,Dassasult Systemes Abaqus
skill,GT STRUDL
skill,Intergraph MGE
skill,MAYA Nastran
skill,Trimble Geomatics Office
skill,WinTR-55
skill,Bentley InRoads Suite
skill,Trafficware SimTraffic
skill,Trafficware SynchroGreen
skill,ASSET JTAG ScanWorks
skill,Cadence Allegro PCB Designer
skill,Cadence Virtuoso Layout Suite
skill,M-Sim
skill,Magma Design Automation Blast Create
skill,Magma Design Automation Blast FPGA
skill,Mentor Graphics BSDArchitect
skill,Mentor Graphics LeonardoSpectrum
skill,Mentor Graphics Precision RTL
skill,Synopsys HSIM
skill,Synopsys HSPICE
skill,Synopsys TetraMax ATPG
skill,Xilinx Synthesis Technology XST
skill,APLAC
skill,ETAP
skill,JHDL
skill,Ansoft Simplorer
skill,Mentor Graphics PADS
skill,Visual Numerics PV-WAVE
skill,Cygwin
skill,Microsoft SQL Server Compact
skill,Microsoft Visual Basic.NET Compact Framework CF
skill,Microsoft Windows Mobile
skill,Robot Framework
skill,LINDO
skill,XP Software XPSWMM
skill,Bentley SewerCAD
skill,Bentley StormCAD
skill,Bentley WaterCAD
skill,Google Chrome
skill,Allen Bradley PanelView
skill,ILOG CPLEX
skill,MAGMA MAGMASOFT
skill,MAYA I-DEAS
skill,NeuralWare
skill,Nupro CastView
skill,Oracle Retek
skill,AEMC DataView
skill,Dartfish ProSuite
skill,Mangold INTERACT
skill,Mangold LogSquare
skill,Mangold Soundalyzer
skill,Noldus Information Technology FaceReader
skill,Ovo Studios Ovo Logger
skill,TechSmith Morae
skill,Proteus Engineering FastShip
skill,ShipConstructor
skill,Strand7
skill,Tension Technology International OPTIMOOR
skill,AeroHydro MultiSurf
skill,ANSYS AQWA
skill,ANSYS ASAS
skill,Seasafe Marine Software Seasafe
skill,QMC CM4D
skill,Blue Ridge Numerics CFDesign
skill,InnovMetric PolyWorks
skill,Lambda Research OSLO
skill,ReliaSoft Alta 6 Pro
skill,ReliaSoft BlockSim
skill,Rockwell Automation
skill,UGS I-DEAS
skill,Zemax
skill,ASPEN PLUS
skill,FactSage
skill,Altair Engineering MotionSolve
skill,Autodesk Alias Automotive
skill,Autodesk AutoCAD Mechanical
skill,Autodesk Inventor
skill,Autodesk SketchBook Pro
skill,Dassault Systemes Simulia Abaqus FEA
skill,Maplesoft MapleSim
skill,Mentor Graphics Flowmaster
skill,Metrologic Group Metrolog XG
skill,SoMat eDAQ
skill,Think3 ThinkDesign Engineering
skill,Gemcom Whittle
skill,GEO-SLOPE GeoStudio
skill,Hellman & Schofield MP3
skill,Promine
skill,Ventsim
skill,DFA Capital Management GEMS
skill,IHS PETRA
skill,Thomson Reuters EndNote
skill,Cadence Incisive Enterprise Simulator
skill,Architectural Energy Corporation VisualDOE
skill,Autodesk ECOTECT
skill,DOE-2
skill,EnergySoft EnergyPro
skill,Quick Plant Energy Profiler
skill,Stellar Processes EZ Sim
skill,SolidWorks Enterprise PDM
skill,Dassault Systemes Dymola
skill,IBM Rational
skill,Microchip MPLAB Integrated Development Environment IDE
skill,Modelica
skill,MSC Software Adams
skill,Woodward MotoTron Control Solutions MotoHawk
skill,ANSYS LS-DYNA
skill,Coventor ARCHITECT3D
skill,Dassault Systemes Abaqus
skill,Dolphin Integration SMASH
skill,IntelliCAD
skill,IRSIM
skill,Linear Technology LTSpice
skill,MEMSCAP MEMS Pro
skill,Microwind Dsch
skill,PISCES IIB
skill,SimWindows
skill,Synopsys Taurus Medici
skill,Tanner EDA L-Edit
skill,Tanner EDA T-SPICE
skill,Transas Group PISCES2
skill,WinSpice
skill,Xcircuit
skill,Apollo Photonics APSS
skill,BPM_CAD
skill,Optiwave OptiFDTD
skill,CODESYS
skill,Robotics Academy ROBOTC
skill,CP2K
skill,CPMD
skill,CSC Elmer
skill,DL_POLY
skill,LinkCAD
skill,Optical Research Associates LightTools
skill,SEMC-2D
skill,UTQUANT
skill,ReSoft WindFarm
skill,Siemens PSS Product Suite
skill,Autodesk AutoCAD LT
skill,National Instruments Compact FieldPoint System
skill,SOLAR-2
skill,SolTrace
skill,TurboCAD IMSI
skill,Adobe Systems Adobe LiveMotion
skill,Alias Wavefront Design Studio
skill,ARCOM Masterspec
skill,Autodesk 3d Studio Viz
skill,Autodesk Architectural Desktop
skill,Autodesk Revit Architecture
skill,Corel Paint Shop Pro
skill,Microsoft Paint
skill,Softimage Extreme
skill,Sun Microsystems Cobalt
skill,Autodesk Softdesk
skill,Epicor Vantage
skill,Exact Software Macola ERP
skill,Made2Manage Systems M2M ERP
skill,Mentor Graphics Expedition Enterprise
skill,Oracle JD Edwards EnterpriseOne Project Management
skill,Zuken CADSTAR
skill,Bentley I/RAS B
skill,Bentley PlantSpace SupportModeler
skill,PEDYN P2000
skill,Autodesk Mechanical
skill,Bentley Navigator
skill,Siemens Solid Edge
skill,National Instruments Multisim
skill,Bentley Systems ProjectWise
skill,Rockwell RSView
skill,ABB RobotStudio
skill,FANUC Robotics ArcTool
skill,FANUC Robotics HandlingTool
skill,GAEA Technologies WinSieve
skill,Visual MODFLOW Pro
skill,IBM CATIA V5
skill,Soft Servo Systems LadderWorks PLC
skill,GE Sensing & Inspection Technologies Rhythm UT
skill,Visualization Sciences Group VSG Avizo Fire
skill,Visualization Sciences Group VSG Open Inventor
skill,Agilent Advanced Design System ADS
skill,Altera MAX
skill,Anadigm Designer2 EDA
skill,Ansoft HFSS
skill,BSVC
skill,Motorola Digital Signal Processing DSP Assembler
skill,OctTools
skill,PTC Mathcad
skill,Tanner Research L-Edit
skill,Texas Instruments Code Composer Studio CCStudio
skill,McNeel Rhino
skill,MindJet MindManager
skill,National Instruments Ultiboard
skill,EMA TimingDesigner
skill,GE Fanuc Automation VersaPro
skill,Gnuplot
skill,Kicad
skill,Logisim
skill,IBM CATIA
skill,Planit Alphacam
skill,ABB CPM4Metals
skill,Delcam
skill,Horizon Software MRP Plus
skill,Infor Industrial Essentials
skill,MASS Group FactoryLink SCADA HMI
skill,Materilise Magics
skill,Vero Software SURFCAM
skill,VIA Information Tools MAN-IT
skill,Intellisense Intellisuite
skill,PTC Pro/ENGINEER Mechanica
skill,SPMLab
skill,Carlson
skill,Foresoft CDS Cogo
skill,MENSI 3Dipsos
skill,MicroSurvey OfficeSync
skill,Muncy Plat Pronto
skill,Trimble Digital Fieldbook
skill,Trimble GPS Pathfinder
skill,3D Nature LLC Visual Nature Studio
skill,Adobe Systems Adobe Writer
skill,Autodesk AutoCAD MAP3D
skill,ESRI ArcCatalog
skill,ESRI ArcToolbox
skill,ESRI Maplex
skill,QuarkXpress Passport
skill,Cowculator
skill,COWGAME
skill,DAGRIS
skill,Nutrition Balance Analyzer NUTBAL
skill,Palm OS
skill,VSNi ASReml
skill,MDS Analytical Technologies GenePix Pro
skill,GEOEAS
skill,GSLIB
skill,Gstat
skill,LandSerf
skill,PC-Progress HYDRUS
skill,UNSATFLOW
skill,BLAT
skill,FASTA
skill,FoldX
skill,MacVector
skill,NAMD
skill,Partek Incorporated Partek Genomics Suite
skill,Phrap
skill,Protein Explorer
skill,sim4
skill,SoftZymics VisualEnzymics
skill,Accelrys Cerius2
skill,Accelrys FELIX
skill,Accelrys Insight II
skill,Accelrys QAUNTA
skill,ChemInnovation Software Chem 4-D
skill,Fujitsu BioMedCache
skill,GEPASI
skill,Golden Helix ChemTree
skill,Intelligent Imaging Innovations SlideBook
skill,Molecular Devices Corporation MetaFluor
skill,Semichem AMPAC
skill,BD Biosciences CellQuest
skill,ComBase
skill,FramePlot
skill,Genie Interactive
skill,Orchard Software Orchard Harvest LIS
skill,PHYLIP
skill,Proscan
skill,ProtScale
skill,STARLIMS
skill,WHONET
skill,HATPRO
skill,Bioconductor
skill,Biomatters Geneious
skill,BWA
skill,Celera Assembler
skill,ClustalW
skill,ENSEMBL
skill,GenBank
skill,GenePattern
skill,Life Technologies Vector NTI
skill,Primer3
skill,Roche 454 Life Sciences GS Data Analysis
skill,TopHat
skill,Delila
skill,Mendel
skill,NetPrimer
skill,HapMap
skill,RTI International SUDAAN
skill,S.A.G.E.
skill,Datasurge GEOPRO
skill,GFA2D
skill,Salix Applied Earthcare Erosion Draw
skill,Clark Labs IDRISI Selva
skill,ESSA Technologies Path Landscape Model
skill,FARSITE
skill,FlamMap
skill,Parbat
skill,USDA NRCS VegSpec
skill,GroupWise
skill,Forest Metrix
skill,Epicenter Software Epilog
skill,TerraSeer ClusterSeer
skill,Thermo ToxLab
skill,Waters Empower 2
skill,Waters MassLynx
skill,IRIS
skill,MSB Software Astroart
skill,Software Bisque CCDSoft
skill,Starcal
skill,Adobe Systems Adobe Audition
skill,Lenox Softworks VideoPoint
skill,OpenStack
skill,Ploticus
skill,SciLab
skill,Scribus
skill,SQLite
skill,Synergy Software KaleidaGraph
skill,Xfig
skill,XV
skill,Baron Services FasTrac
skill,Cave5D
skill,Lakes Environmental Software WRPLOT View
skill,PC Weather Products HURRTRAK
skill,SatView
skill,SVRPLOT
skill,WINGRIDDS
skill,WSI Titan
skill,WSI TrueView Professional
skill,Apple iWork
skill,Chem2Pac
skill,ChemSW Calibration Pro
skill,Hypercube HyperChem
skill,MolDraw
skill,Molsearch Pro
skill,Network Science IR Mentor Pro
skill,Q-Chem
skill,SciQuest PE TurboChrom
skill,Vogel Scientific Software Group CALACO
skill,Accelrys Materials Studio
skill,Bruker AXS EVA
skill,ESM Software CrystalMaker
skill,GAMESS-US
skill,Materials Data Incorporated Jade
skill,RIETAN
skill,VAMP/VASP
skill,CAP88-PC
skill,DataPipe EHS
skill,DQO ELIPGRID-PC
skill,Ecotech WinAQMS
skill,Golden Software Surfer
skill,Lakes Environmental Emissions View
skill,Lakes Environmental SLAB View
skill,RSA RadCalc
skill,Wolfel IMMI
skill,IWR-PLAN
skill,Bilko
skill,ChemStat
skill,EasySolve Software SizePerm
skill,Evolution Computing EasyCAD
skill,Evolution Computing FastCAD
skill,GeoGraphix
skill,Gresens 92
skill,IHS Energy PowerTools
skill,MHC Document Express
skill,MICRODEM
skill,MJ Systems Logsleuth
skill,OpenOffice.org
skill,PolyMap
skill,PowerCAD
skill,Red Rock DeltaGraph
skill,RockWare Erupt
skill,RockWare Geochemist's Workbench GWB
skill,RockWare Jlog
skill,RockWare RockPack III
skill,RockWare VEGO
skill,SACLANTCEN
skill,Schlumberger Inside Reality
skill,Scientific Software Group ChemPoint/ChemStat
skill,SeeByte SeeTrack
skill,Socorro Scientific Software Refract2K
skill,Solvcalv
skill,Starpint Software Super Slug
skill,Waterloo Hydrogeologic AquaChem
skill,Fitts Geosolutions TWODAN
skill,GAEA Technologies Packet ESA
skill,GAEA Technologies WinLog
skill,GIS/Solutions GIS/Key
skill,Golden Software Strater
skill,HEC-2
skill,MLPU
skill,Scientific Software Group AT123D
skill,Scientific Software Group MT3D99
skill,Scientific Software Group QuickSoil
skill,Scientific Software Group RISC WorkBench
skill,Scientific Software Group SEQUENCE
skill,Scientific Software Group StepMaster
skill,SEDCAD
skill,StatPoint StatGraphics Plus
skill,Vieux & Associates Vflow
skill,Waterloo Hydrogeologic AquiferTest Pro
skill,BAE Systems SOCET GXP
skill,Global Insight AREMOS
skill,MediaWiki
skill,Timberlake Consultants OxMetrics
skill,TreeAge Software TreeAge Pro
skill,Acarda CallAssist
skill,Adobe Systems Adobe Cold Fusion
skill,Apian SurveyPro
skill,Argus Perceptual Mapper
skill,Askia Vista
skill,Askia Web
skill,DATAN Merlin Fastab
skill,ETABS
skill,Gamma Associates mTab
skill,Merlinco MERLIN
skill,NCSS
skill,P-STAT
skill,QPSMR Limited CATI
skill,Salford Systems CART
skill,Salford Systems TreeNet
skill,Scantron Technologies eListen
skill,StarData
skill,SumQuest
skill,Voxco PRONTO
skill,Voxco StatXP
skill,Centris Group IEP Direct
skill,Centris Group RTIm Direct
skill,Ewing Solutions QuickWriter
skill,MediaNet Solutions e-IEP PRO
skill,PowerSchool Group PowerSchool SIS
skill,Spectrum K12 School Solutions Encore
skill,SunGard Pentamation IEPplus
skill,Xperts iep.online
skill,BlackHawk Canyon Publishers PracticianWorks
skill,Clinivate Clinitrak
skill,DocuTrac QuicDoc
skill,Fagerman Technologies MedLook
skill,JTL Enterprises MedIntake
skill,Mdansby The PsychReport
skill,Noldus Information Technology The Observer
skill,PsyTech Solutions Epitomax
skill,Sigmund Software Sigmund
skill,SpectraSoft AppointmentsPRO
skill,Trinity Software Solutions BEACON
skill,UNI/CARE Pro-Filer
skill,Thriveworks TherapyBuddy
skill,Assessment Systems Corporation XCALIBRE
skill,Scientific Software International BILOG-MG
skill,Scientific Software International HLM
skill,Scientific Software International PARSCALE
skill,Winsteps
skill,Helios TextPad
skill,QSR International NVivo
skill,Qualtrics Research Suite
skill,VERBI MAXQDA
skill,Accela KIVA DMS
skill,Accela Tidemark Advantage
skill,Citilabs TRANPLAN
skill,Criterion Planners INDEX
skill,e-on VUE
skill,Sage Timeslips
skill,UrbanSim
skill,Apple Final Cut Express
skill,Microsoft Windows Movie Maker
skill,SIL International The Linguist's Shoebox
skill,Sony Creative Software Vegas Movie Studio
skill,Caliper Maptitude
skill,Clark Labs IDRISI Andes
skill,MapInfo MapMarker
skill,MODPATH
skill,ArchiveGrid
skill,Gutenberg-e
skill,TokenX
skill,Bare Bones Software BBEdit
skill,CQ Press Political Reference Suite
skill,EBSCO Publishing Academic Search Premier
skill,EBSCO Publishing Political Science Complete
skill,Europa World Plus
skill,FedStats
skill,IDM Computer Solutions UltraEdit
skill,ProQuest Worldwide Political Science Abstracts
skill,CORSIM
skill,Dowling Associates TRAFFIX
skill,PTV VISUM
skill,Quadstone Paramics
skill,TRL Software TRANSYT
skill,Apache Jmeter
skill,Gene Runner
skill,Thomson EndNote
skill,Landmark SeisWorks
skill,Techsia Techlog
skill,RESRAD
skill,Telogis GeoBase
skill,DesignWare 3D EyeWitness
skill,Eos Systems PhotoModeler
skill,SmartDraw.com SmartDraw Legal
skill,Trancite Logic Systems ScenePD
skill,Visual Statement Vista FX3 CSI
skill,Allegro Landmark
skill,Haglof Sweden AB TCruise Forest Inventory
skill,IBM Rational Functional Tester
skill,LabWare LIMS
skill,Micro Focus TestPartner
skill,Microsoft Visual Studio Test Professional
skill,AGCO GTA Software Suite
skill,Farm Works Site Pro
skill,GeoAgro GIS
skill,BAE Systems SOCET SET
skill,Corpscon
skill,GeoCue Corporation PointVue LE
skill,Opticks
skill,ACMS Casewatch Millenium
skill,Addison Health Systems WritePad EMR Systems
skill,Allscripts Canopy
skill,CaseManagement.com E-Reports
skill,EAG Economic Analysis Group CaseTrack
skill,IMA Technologies CaseTrakker
skill,Libera System7
skill,STI Computer Services ChartMaker
skill,Kuder Navigator
skill,Palm Pal Transana
skill,Zoomerang
skill,Advantage Software Psych Advantage
skill,Casamba SmartClinic
skill,Saner Software ShrinkRapt
skill,SumTime Software SumTime
skill,Microsoft ActiveSync
skill,Microsoft Mobile Explorer MME
skill,Microsoft Office Mobile
skill,Adobe Acrobat
skill,Nuance Dragon NaturallySpeaking
skill,Abacus Data Systems AbacusLaw
skill,Anacomp CaseLogistix
skill,BQE Software BillQuick
skill,Canyon Solutions Jcats
skill,Cobblestone Systems Contract Insight
skill,Compugov DocketView
skill,Constellation Justice Systems CourtView
skill,CT Summation iBlaze
skill,CyberDyne Industries CaseWizard
skill,De Novo Systems De Novo CaseMgr
skill,Diarymaster
skill,ESI Software ESILAW
skill,FTI Ringtail Legal
skill,Gavel & Gown Software Amicus Attorney
skill,IBM Federated Records Management
skill,IDEA TrialPro
skill,Iron Mountain Accutrac
skill,Juris
skill,Lawex TrialWorks
skill,Levare Center Court
skill,LexisNexis CaseMap
skill,LexisNexis HotDocs
skill,LexisNexis Lexis Back Office
skill,LexisNexis Lexis Front Office
skill,LT Online Corporation LAWTRAC
skill,NetDocuments
skill,Nolo Quicken Legal Business Pro
skill,Orion Law Management Systems Orion
skill,ProCAT Denoto
skill,ProDoc
skill,Solution Specialties TRACKER
skill,Synergy International Systems Synergy CaseTrack
skill,Technovation Software ImmigrationPro
skill,Thomson Elite ProLaw
skill,Thomson Elite ProLaw READY
skill,TimeSolv Legal
skill,TopDogLegal
skill,Visionary Legal Technologies Visionary Professional
skill,WealthCounsel WealthDocs
skill,Aderant CompuLaw
skill,American Legalnet eDockets
skill,Infocom JACS
skill,LexisNexis Lexis Advance
skill,Thomson Reuters Elite ProLaw
skill,Thomson Reuters WestLaw
skill,American LegalNet USCourtForms
skill,Appligent Citation FDFMerge
skill,CaseSoft TextMap
skill,CaseSoft TimeMap
skill,Inmagic DB/TextWorks
skill,LexisNexis CheckCite
skill,LexisNexis CodeMaster
skill,LexisNexis File and Serve
skill,Nuance Power PDF
skill,PDF Snake Easy Bates
skill,ProForce Paralegal Pro-Pack
skill,Thomson West FindLaw
skill,Thomson West ProLaw
skill,Uniscribe
skill,Zylab ZyImage
skill,Advantage Software Total Eclipse
skill,HTH Engineering Start-Stop PowerPlay
skill,OMTI ReporterBase
skill,ReporterWorks
skill,Stenovations Digital CAT
skill,Thomson West LiveNote
skill,PropertyInfo SureClose
skill,SoftPro
skill,SoftPro ProForm
skill,Sakai CLE
skill,SPSS
skill,Aipotu
skill,Leica Geosystems ERDAS IMAGINE software
skill,CGG HampsonRussell
skill,Golden Software Voxler
skill,Halliburton Landmark GeoProbe
skill,Hydesoft Computing DPlot
skill,Ikon Science RokDoc
skill,ITT Exelis Visual Information Solutions ENVI
skill,Midland Valley Move Suite
skill,Platte River Associates BasinMod
skill,WaveMetrics IGOR Pro
skill,Auto3DEM
skill,CCP4
skill,Mosflm
skill,FFTPACK
skill,FFTW
skill,Geant4
skill,GIPSY-OASIS
skill,LAPACK
skill,Econport
skill,Estima RATS
skill,JessX
skill,Python Experimental Economics Toolkit PEET
skill,Clark Labs IDRISI
skill,ContextMiner
skill,Cedrus SuperLab Pro
skill,FreeSurfer
skill,SurveyWiz
skill,XNAT
skill,Adobe Systems Macromedia Shockwave Player
skill,Padlet
skill,EBSCO Information Services Academic Search Premier
skill,EBSCO OmniFile FullText Mega
skill,Elsevier ScienceDirect
skill,Emerald Insight Emerald Management Xtra
skill,Gale Cengage Learning Associations Unlimited
skill,ITHAKA JSTOR
skill,ProQuest ABI/INFORM Global
skill,ProQuest ERIC
skill,Thomson Reuters Web of Science
skill,Ulrichsweb
skill,ExamSoft Exam Intelligence
skill,Panopto
skill,Thomson West Westlaw
skill,Apple DVD Studio Pro
skill,Apple Logic Pro
skill,Autodesk MotionBuilder
skill,Faux Labs Splashup
skill,Komplete Kontrol
skill,PhoneGap
skill,Avid Technology Media Composer
skill,Avid Technology Pro Tools
skill,Apple QuickTime
skill,Lucidchart
skill,Skype
skill,Dartfish
skill,PowerSchool SIS
skill,Redrock Software TutorTrac
skill,PREMIS
skill,Eloquent Systems Eloquent
skill,PastPerfect Software PastPerfect
skill,Questor Systems ARGUS
skill,Vernon Systems Limited Vernon CMS
skill,Willoughby Associates MIMSY XG
skill,Questor Systems QScan32
skill,CATNYP
skill,Electronic Online Systems International EOS.Web
skill,Ex Libris Group Voyager
skill,Infovision Amlib
skill,Inmagic TextWorks
skill,MC2 Systems Auto Librarian
skill,Microsoft Onfolio
skill,PrimaSoft PC Small Library Organizer Pro
skill,RCL Software Media Library Manager
skill,Saora Keepoint
skill,Springshare LibGuides
skill,WebClarity Software BookWhere
skill,WorldCat
skill,Yahoo Flickr
skill,SmartDraw VP
skill,Adobe Systems Adobe eLearning Suite
skill,Adobe Systems Adobe RoboHelp
skill,Avid Technology Pinnacle Studio
skill,Learning Technology Research Institute GLO Maker
skill,Microsoft Office FrontPage
skill,Performance Technology Associates DocuTools
skill,Trivantis CourseMill
skill,Adobe Systems Adobe ImageReady
skill,Apache Software Foundation Flex
skill,FileMaker Bento
skill,GYST
skill,Inkscape
skill,Serif DrawPlus
skill,WorkingArtist Systems WorkingArtist
skill,Ability Photopaint
skill,Adobe Systems Adobe Flash Lite
skill,Adobe Systems Adobe FreeHand MX
skill,Apple DrawBerry
skill,Autodesk Combustion
skill,Autodesk SoftImage
skill,AutoQ3D
skill,Cybermotion 3D Designer
skill,DAZ Productions Bryce
skill,DAZ Productions Carrara
skill,e-on software Vue
skill,Luxology Modo
skill,Luxrender
skill,MagicTracer
skill,MaxScript
skill,Maxwell Render
skill,Maya Embedded Language MEL
skill,NodeBox
skill,NVDIA Gelato
skill,Pixarra TwistedBrush
skill,Pixelmator
skill,Quad Software Grome
skill,Skencil
skill,SmithMicro Anime Studio
skill,SmithMicro Manga Studio
skill,Trapcode Particular
skill,Xara Xtreme
skill,Ashlar-Vellum Cobalt
skill,Autodesk AliasStudio
skill,Softimage XSI
skill,Autodesk AutoCAD Design Suite
skill,CLO Virtual Fashion Marvelous Designer
skill,Optitex 3D Suite
skill,Avid Pro Tools
skill,Nuance OmniPage Professional
skill,SignCAD Systems SignCAD
skill,Instagram
skill,Grass Valley EDIUS
skill,Avid Technology NewsCutter
skill,Chyron CAMIO
skill,MAGIX Software Sound Forge
skill,Ross Video Xpression
skill,Sony Vegas Pro
skill,Credo Interactive DanceForms
skill,Apple MainStage
skill,Avid Audio Pro Tools
skill,MediaShout
skill,MIDI Maestro
skill,Arpege Music Pizzicato
skill,Audiveris
skill,Avid Technology Sibelius
skill,Azemus FS
skill,Cakewalk SONAR
skill,Canorus
skill,ChordWizard Software Soundtrix Gold
skill,Denemo
skill,DigiPiano
skill,Easy Music Composer Free
skill,IK Multimedia GrooveMaker
skill,Image-Line FL Studio
skill,Javamin Composer
skill,Korg EM-1 Editor
skill,Maestro Music Software MagicScore
skill,MAGIX Music Maker
skill,Mozart Music Software Mozart
skill,MusicDevelopments RapidComposer
skill,MusicGraph
skill,Musilogic HarmonyBuilder
skill,Myriad Software Harmony Assistant
skill,Renoise
skill,Rhythm Rascal
skill,Storm Music Studio
skill,Tonality Systems Symoblic Composer
skill,Truepianos
skill,Wusik Wusikstation VSTi
skill,Xitona Software Voice Composer
skill,Acoustica Mixcraft
skill,Cantovation Sing & See
skill,Snapchat
skill,Audion Laboratories VoxPro
skill,Dalet Digital Media Systems Dalet Media Life
skill,Atomix Productions VirtualDJ
skill,Native Instruments Traktor Kontrol
skill,Native Instruments Traktor Scratch
skill,Desktop Technologies NewsBoss
skill,Nielsen Arianna
skill,Nielsen Marketbreaks
skill,RCS NexGen Digital
skill,Quark Xpress
skill,Apple iPhoto
skill,MySpace
skill,Adobe Systems Adobe InCopy
skill,CCI Newsgate
skill,Editor Software Stylewriter
skill,Elite Minds RightWriter
skill,HP Autonomy TeamSite
skill,Polycom RealPresence
skill,Whitesmoke
skill,Corel Ventura
skill,MadCap Flare
skill,Quadralay WebWorks ePublisher
skill,Adobe Systems Adobe Persuasion
skill,Apple Final Cut Pro X
skill,Blogger
skill,MasterWriter
skill,ScriptPerfection Power Writer
skill,Storymind StoryWeaver
skill,Tumblr
skill,Write Brothers Dramatica
skill,WriteWay Pro
skill,DocTranslate
skill,ExcelTrans Translator
skill,Language Engineering Corporation Translate Pro
skill,Adobe Systems Adobe Photoshop Lightroom
skill,Blinkbid
skill,Genbook
skill,Simplifi pixifi
skill,StudioCloud
skill,StudioPlus Spectra
skill,Apple Final Cut Studio
skill,Apple Xsan
skill,Autodesk Smoke
skill,Avid Digidesign Pro Tools
skill,Brightcove
skill,RSS
skill,ACOM Solutions RAPID EMR
skill,Acrendo A.I.med
skill,ChiroSoft
skill,ChiroTouch EHR
skill,DataCom Software Business Products M.I.S. Clinic
skill,DocumentPlus
skill,Electro Meridian Imaging EMI
skill,Life Systems Software ChiroSuite EHR
skill,MRX Solutions OfficeMaster
skill,Software Motif MyEMR
skill,Softworx Solutions ChiroWrite
skill,ACE Dental
skill,AltaPoint Data Systems AltaPoint Dental
skill,DentiMax
skill,DSN Software Dental-Exec
skill,DSN Software Oral Surgery-Exec
skill,DSN Software Perio-Exec
skill,EZ 2000
skill,Henry Schein Easy Dental
skill,Henry Schein EndoVision
skill,Henry Schein PerioVision
skill,MOGO Dental Software MOGO
skill,OCS Office-Partner
skill,Patterson Dental Supply Patterson EagleSoft
skill,PEB XLDent
skill,Windent OMS
skill,Windent SQL
skill,Apteryx Imaging Suite
skill,Kodak Dental Systems Kodak Cosmetic Imaging Module
skill,Planmeca Oy Dimaxis
skill,Sirona SIDEXIS XG
skill,FYI Technologies Dr. Ceph
skill,FYI Technologies Dr. View
skill,GAC International OrthoPlex
skill,Kodak Dental Systems Kodak ORTHOWARE
skill,New Horizons Software OrthoExec
skill,Ortho Computer Systems ViewPoint
skill,PerfectByte Ortho
skill,Materialise Dental SurgiGuide
skill,Planet DDS Denticon
skill,Axxya Systems Nutritionist Pro
skill,BioEx Systems Nutrition Maker Plus
skill,CyberSoft NutriBase
skill,DietMaster Systems DietMaster
skill,Lifestyles Technologies DietMaster Pro
skill,Monash University Low FODMAP Diet App
skill,MyFitnessPal
skill,Accra Med Software Filopto
skill,Babcock Winx Pro
skill,Digital Healthcare OptoMize
skill,First Insight MaximEyes
skill,HealthLine Systems Eyecom
skill,Prima Systems OPTIX
skill,MedTeach
skill,Acrendo Medical Software Family Practice EMR
skill,Brickell Research Brickell Medical Office
skill,Epocrates Essentials
skill,Greenway Health PrimeSuite
skill,MedcomSoft Record
skill,MedMath
skill,Misys Healthcare Systems Mysis Tiger
skill,Acrendo Medical Software Ob/Gyn EMR
skill,Alteer Premiere
skill,AS Software AS-OBGYN
skill,Computer Systems Company R4 ACERT
skill,ADL Data Systems OptimumClinicals Electronic Health Record
skill,MDofficeManager MediVoxx
skill,Netsmart Technologies Avatar Clinical Workstation CWS
skill,Integra Radionics NeuroSight Arc
skill,Allscripts PM
skill,Benchmark Systems Benchmark Clinical EHR
skill,CareCloud Central
skill,FlowJo
skill,GE Healthcare Centricity Practice Solution
skill,HealthFusion MediTouch
skill,IOS Health Systems Medios EHR
skill,Meditab Software AllergyEHR
skill,Molecular Devices Softmax Pro
skill,Mountainside Software Allergy Lab
skill,NextGen Healthcare NextGen Practice Management
skill,Vitera Healthcare Solutions Vitera Intergy
skill,NexTech EMR & PM
skill,Nuesoft Technologies NueMD
skill,EyeMD EMR Healthcare Systems EyeMD EMR
skill,Cerner Millennium PathNet
skill,ClinLab LIS
skill,Comp Pro Med Polytech
skill,CSS CLS-2000
skill,Fletcher-Flora Health Care Systems LabPak LIS
skill,GE Healthcare Centricity Laboratory
skill,GE Healthcare Centricity Laboratory Transfusion Medicine
skill,Haemonetics Symphony Suite
skill,Healthvision TDSynergy LIS
skill,HEX Laboratory Systems LAB/HEX
skill,HT Systems PatientSecure
skill,Korchek Technologies CareChek
skill,LabSoft LabNet
skill,McKesson Horizon Lab Financials
skill,MEDITECH HCIS
skill,Mediware Information Systems HCLL Transfusion
skill,NetSoft IntelliPath
skill,PathLogix
skill,Psyche Systems LabWeb
skill,Psyche Systems WindoPath
skill,SCC Soft Computer SoftBank
skill,SCC Soft Computer SoftDonor
skill,SCC Soft Computer SoftLab
skill,SCC Soft Computer SoftPath
skill,Siemens NOVIUS Lab
skill,Sunquest Information Systems Sunquest Clinical Financials
skill,Sunquest Information Systems Sunquest Transfusion Manager
skill,WebPathLab
skill,Wyndgate Technologies SafeTrace
skill,XIFIN
skill,Fujifilm Synapse
skill,Maplewood Software StaffReady
skill,mPlexus DICOM RadiX
skill,Vitera Healthcare Solutions Vitera Intergy RIS
skill,OmniMD Sports Medicine EHR
skill,Henry Schein Medical Systems MicroMD Urology EMR
skill,Meditwatch Portaflow Advanced
skill,Advantage Software Podiatry Advantage
skill,BillingTracker
skill,Casamba Smart
skill,Crick Software Clicker 4
skill,HMS
skill,Mayer-Johnson Boardmaker
skill,OpenOffice WRITER
skill,Rehab Documentation Company ReDoc Suite
skill,Advantage Software Physical Therapy Advantage
skill,MediGraph
skill,Lifeline Software RadCalc
skill,Propeller Multimedia React2
skill,Eklin Information Systems VIA
skill,Henry Schein ImproMed
skill,IDEXX Laboratories IDEXX Cornerstone
skill,IDEXX Laboratories IDEXX VPM
skill,ImproMed Infinity
skill,InformaVet ALIS-VET
skill,Vetport
skill,DoctorsPartner EMR
skill,Siemens SIENET Sky
skill,AUDIT-C
skill,NEO PI
skill,PEPID RN Critical Care RNCC
skill,GN Otometrics CHARTR EP
skill,HearForm Software HearForm
skill,Starkey Laboratories ProHear
skill,Sycle
skill,Miridia Technology AcuGraph
skill,NaturoPlus
skill,ZYTO LSA Pro
skill,MAX Systems Max-Gold Medical Clinic Software
skill,SeeRite Flash and Match
skill,Genial Genetics iPassport QMS
skill,Genial Genetics Shire
skill,Geniel Genetics iGene
skill,KARIO
skill,Lucia CGH
skill,Lucia Karyo
skill,Lucia MFISH
skill,Fortius Lab Systems Clinical LIS
skill,Microsoft Power Point
skill,Medovation RadRunner
skill,Medical Wizards ER & ICU ToolBox
skill,Medical Wizards ER Suite
skill,Mosby's Drug Consult
skill,Palmtree Pocket EKG
skill,Skyscape
skill,Computrition Nutrition Care Management NCM Select
skill,Cybersoft Primero Software Suite
skill,LunchByte Systems NUTRIKIDS
skill,NutriGenie Optimal Nutrition
skill,AcuityPro
skill,EyeMD EMR
skill,MediPro Medisoft Clinical
skill,MedicWare EMR
skill,Allscripts HER
skill,Azalea Health Azalea EHR
skill,ComChart EMR
skill,EndoSoft
skill,Fox Meadows ChartingPlus
skill,Greenway Medical Technologies PrimeChart
skill,IDX Systems IDXtend
skill,MedStar Systems DrWorks
skill,PowerMed
skill,Purkinje Dossier
skill,Siemens Soarian Financials
skill,SoftMed ChartLocater
skill,SoftMed ChartRelease
skill,VantageMed ChartKeeper
skill,EZ-Zone Optizone Enterprise
skill,Futura International O.P.S.
skill,Infinity CAD Systems AutoSculpt
skill,OPIE Practice Management Suite
skill,Seattle Systems Shapemaker
skill,Vorum Research Corporation CANFIT-PLUS
skill,BESA EEGFocus
skill,Cadwell Laboratories Easy
skill,EEG Portaview
skill,Natus NeuroWorks
skill,Neurofax SpikeDetector
skill,Neurotronics Polysmith
skill,ESS Compliance Suite
skill,Mannus Compliance: EHS
skill,Medgate Enterprise EHS
skill,Brady Lockout Pro
skill,QuestSuite Professional
skill,BioEx Systems Exercise Pro
skill,BRCAPRO
skill,CancerGene
skill,Ftree
skill,Jurek Software Pedigree-Draw
skill,Medgen PED
skill,PedHunter
skill,PediDraw
skill,Progeny Software Progeny Clinical
skill,TheraClin Systems iMAPR
skill,Arena Health Systems Phys-X
skill,Eazy Application Systems QuickEMR
skill,Knees Software PT DocTools
skill,PhysioTools Tools RG
skill,Summit Software CarePoint
skill,ICS Software SammyUSA
skill,The Systems Workplace TDOCS
skill,Microsoft Windows Vista Business
skill,Microsoft Windows XP Professional
skill,Boston Bar Systems Corporation Sonnet
skill,Emmaus MPWord
skill,g-net solutions MTP
skill,Narratek Smartype
skill,Nuance Dragon NaturallySpeaking Medical
skill,Precision Data Solutions VoicePower
skill,SpeedUp Trans
skill,Guardian RFID
skill,Fire Dynamics Software FDS
skill,Thomson Reuters CLEAR
skill,Complus Data Innovations FastTrack
skill,MapInfo StreetPro
skill,ARK Software Ark Shelter Software
skill,RescueConnection Software ShelterConntection
skill,RoseRush Services Shelter Pro
skill,EGS CALCMENU
skill,GNOME Gnutrition
skill,CaterPro
skill,CBORD FoodService Suite
skill,Compris software
skill,SoftCafe ScheduleWriter
skill,RestaurantPlus PRO
skill,CBORD NetRecipe
skill,Picis CareSuite Dietary Manager
skill,OpenTable
skill,Marathon Data Systems PestPac
skill,DaySmart Software Salon Iris
skill,Elite Software Elite Salon & Spa Management
skill,Floydware Rosy
skill,ManageMySpa
skill,MIKAL SMS
skill,ProSolutions Software Transcend
skill,Rogers Software Development SuperSalon
skill,Syntec Systems Insight
skill,Groom Pro
skill,Groomsoft
skill,K9 Bytes K9 Koordinator
skill,Belmar & Associates Mortware
skill,Bookitlive
skill,IBS Software Services Tour Partner
skill,RBS GoTour Online
skill,TourTech Systems TourTools
skill,Mi-Co Mi-Forms
skill,BioEx Systems Fitness Maker
skill,ICTraining
skill,MYOB BusinessEssentials
skill,Online River Software Personal Trainer Pro
skill,Sage Simply Accounting
skill,American Precision Instruments Regit
skill,Bibase 4POS Retail
skill,ComCash
skill,CyberMatrix POS
skill,Datasym SYMFINITE
skill,Hagel Unitime Systems
skill,Infocorp Computer Solutions $mart System
skill,Infocorp Softwear/POS
skill,Lathem Time PayClock EZ
skill,ManageMore Cellular Manager
skill,MicroBiz
skill,Softpedia ShopInvo
skill,TimeTrak Systems SchedTrak
skill,True North Computer Retail Plus
skill,VeriFone PC Charge Pro
skill,Visual Retail Plus
skill,SugarCRM Sugar UX
skill,CyberMatrix
skill,Allied Financial Software Act4Advisors
skill,AMS Services AMS 360
skill,AMS Services AMS Sagitta
skill,Benefits Technology Group SalesLogix
skill,CoVirt VirtGate
skill,E-Z Data SmartOffice
skill,Fiserv FSC Manager
skill,InStar Orion
skill,Insurance Systems WebWriter BackOffice
skill,Insurance Technologies Corporation InsurancePro
skill,irs-aims MARS
skill,NaviSys Front Office
skill,North American Software Associates Eclipse
skill,Vulcan Solutions Vulcan Insurance
skill,AIQ Systems TradingExpert Pro
skill,Aspen Research Group Aspen Graphics
skill,Thomson Reuters Tradeweb
skill,BondDesk Group Trader WorkStation
skill,Redi Enterprise Development Redi ERM
skill,Tradeweb Markets Tradeweb
skill,Colibripms Software Colibri
skill,Illusions Online Illusions OnDemand
skill,Rezdy
skill,Rezgo
skill,Rezopia
skill,TourCMS
skill,TourWriter
skill,TravelCarma
skill,Travii
skill,Oracle Siebel CRM
skill,Cegedim Target Software Target SFA Pharmaceutical Suite
skill,Khameleon
skill,Advantage Signature Marketing Group Web Master
skill,Aptean Onyx CRM
skill,HydraNet
skill,SalesInSync
skill,SSA Global BPCS
skill,Tigerpaw
skill,Enterprise Software Systems CRE Sync
skill,CMA Stuffers
skill,eGrabber ListGrabber
skill,FloodMaps
skill,Garmin City Select
skill,Iseemedia Photovista Panorama
skill,Lucero System Office Management
skill,MediaVue
skill,Panorama Technologies ModelWeaver
skill,Panoweaver Panorama
skill,Power Real Estate Letters
skill,Real Pro
skill,RealtyStar AgentOffice
skill,Reveal Systems Truewire
skill,SRC Cash Flow Analyzer Pro
skill,Telluride Software Classic Trak-It
skill,Wheatworks Real Estate Calculator Suite
skill,Microsoft Office Live Meeting
skill,Acarda Sales Technologies Acarda Outbound
skill,Database Systems Corp Telemation
skill,Austin Logistics CallSelect
skill,Columbia Ultimate Archive
skill,Columbia Ultimate Remit
skill,Columbia Ultimate RPCS
skill,Data-Tel Ceasar
skill,Ontario Systems FACS
skill,Allscripts Professional PM
skill,Seasoft
skill,Thomson Reuters Elite Enterprise
skill,ACS Technologies ACS Financial Suite
skill,Activant Solutions Activant Prophet 21
skill,American HealthTech Financial
skill,Corporate Responsibility System Technologies Limited CRSTL Compliance Positioning System
skill,Infor Global Solutions Starbuilder
skill,Sage 100 ERP
skill,EBS On Line InstaPay
skill,Galaxy Technologies TimeStar Enterprise
skill,NuView EBS
skill,PayData Advanced HR
skill,PDS Vista
skill,UNITIME
skill,IBM Maximo Asset Management
skill,Radiant Systems CounterPoint
skill,Jack Henry & Associates Vertex
skill,Southern Data Systems TellerPro
skill,Royal Alliance VISION2020 Core
skill,Austin Logistics CallTech
skill,Austin Logistics Valeo
skill,eStara Softphone
skill,iShip
skill,j2 Global Communications onebox
skill,Lynk Everest
skill,SugarSync
skill,Timpani Chat
skill,Corel WinZip
skill,ASI FrontDesk
skill,Ramesys Hospitality
skill,SaaS SurveyMonkey
skill,ResourceMate Plus
skill,Rockport Integrated Excel Underwriting
skill,Fiserv
skill,Harland Financial Solutions DepositPro
skill,Systems Union Group MIS DecisionWare
skill,SAP ERP
skill,WebCT
skill,Alpha Software Alpha Five
skill,IBM Check Processing Control System CPSC
skill,McKesson Lytec
skill,GuestServe
skill,MICROS Systems MICROS 9700 HMS
skill,Arcline ArcFreight
skill,Kewill Global Trade and Logistics
skill,QuestaWeb TradeMaster QW
skill,RedBerry Logistics
skill,Riege Software International Procars
skill,Star Tec Software Hercules Export
skill,ADi SmartBOL
skill,Asprova
skill,Creo Synapse Upfront
skill,iCode Everest
skill,Inetsoft
skill,KAPES
skill,Lamar Info Net
skill,Maynard PlanStaff Manager
skill,Microsoft Dynamics ERP
skill,Oracle Flow Manufacturing
skill,Preactor APS
skill,PRONTO Xi
skill,QAD MFG/PRO
skill,Questek Humanis
skill,Sage MAS 90
skill,SYSPRO
skill,CMS Consultants WorldLink
skill,Harvey Software CPS
skill,Infor ERP Visual
skill,MSR Visual Exporter Enterprise Integrator
skill,Pitney Bowes ShipStream Manager
skill,UPS Intelliverse
skill,Infor XA
skill,Adobe Systems Adobe Contribute
skill,RefWorks
skill,RefWorks RefShare
skill,Workflow International Deskflow Enterprise
skill,HotDocs
skill,Vertican Technologies Collection Master
skill,BMC Software CONTROL-O
skill,CA Unicenter TNG
skill,Data3 ENGUARD
skill,IBM i
skill,Novell NetWare
skill,Oralce Java Enterprise System
skill,Jenzabar ERP
skill,Blackbaud CRM
skill,SRSsoft SRS EHR
skill,Apple AppleScript
skill,CodedColor
skill,Corel CorelScan
skill,Corel WebDraw
skill,Finite Matters PatternStream
skill,GTX RastorCAD
skill,Microsoft Picture It!
skill,PANTONE ColorVision ProfilerPlus
skill,Potrace
skill,Serif PagePlus
skill,Trix TracTrix
skill,Ulead PhotoImpact
skill,WordWeb
skill,Xara X
skill,Mavenlink
skill,Pro Writing Aid
skill,Burrows-Wheeler Aligner BWA
skill,GENSCAN
skill,Jenkins CI
skill,Thermo Fisher Scientific Ion Reporter
skill,BCS Woodlands Software The Logger Tracker
skill,Breedtrak
skill,Respondus
skill,Reudink Software ZooEasy
skill,VSN International GenStat
skill,Martens Farms Farm Site Mate
skill,Martens Farms Farm Trac
skill,Catchlog Trading Catchlog
skill,MaxSea Time Zero Navigator NOAA
skill,Assisi Software Assisi Manager
skill,BCS Woodlands Systems The Logger Tracker
skill,TradeTec TallyWorks TimeTracker
skill,Gregg Software Gregg Rock-It
skill,Bosch Punch List
skill,Renaissance MasterCarpenter
skill,Aya Associates Comp-U-Floor
skill,Flooring Technologies QFloors
skill,Saltire Software FloorRight
skill,EasyCAD Iris 2D
skill,TileGem
skill,HIPERPAV
skill,LogicSphere Firstmix
skill,Sapro Systems Paymee
skill,Pile Dynamics Pile Driving Analyzer PDA
skill,Construction Master Pro
skill,Electrosoft FlashWorks
skill,Elite Software E-Coord
skill,Elite Software Inpoint
skill,Elite Software Outpoint
skill,Elite Software VDROP
skill,SmartDraw
skill,American Glazing Software AGS WindowPricer
skill,BidMaster
skill,Evergreen Technology Total Faux
skill,A-Systems Jobview
skill,AEC Design Group CADPIPE
skill,COADE CAESAR II
skill,ViziFlow
skill,Watter Hammer Software Hytran
skill,Elite Software DPIPE
skill,Elite Software FIRE
skill,Elite Software Plumbing CAD
skill,Elite Software Spipe
skill,Elite Software Sprinkler CAD
skill,Wintac Pro
skill,OTP ArmaCAD
skill,ASR Software LWC-Plus
skill,ASR Software Taper-Plus
skill,ASR Software TopView LE
skill,ASR Software TopView ME
skill,CADAFIS
skill,Exele TopView
skill,RoofLogic
skill,Ziatek RoofDraw
skill,Corte Certo
skill,Merry Mechanization SMP/IS
skill,QuickPen DuctDesigner 3D
skill,Striker Systems SS-Profile
skill,UGS NX
skill,XY Soft Sheet Cutting Suite
skill,Arc Second PocketCAD
skill,WORLD Electronics Freedomware
skill,Cutlist Plus fx
skill,UNI-GROUP Lockpave Pro
skill,Leica Geosystems FMS
skill,Joy Mining Machinery JOY FACEBOSS
skill,Caterpillar Cat MineStar System
skill,Enertia
skill,Zoho WebNMS Cell Tower Manager
skill,Megger PowerDB
skill,Harris Tech X.over Pro
skill,Harris Technologies BassBox
skill,LinearTeam WinISD
skill,True Audio WinSpeakerz
skill,Mxi Technologies Maintenix
skill,AutoZone ALLDATA
skill,Swan River Estimiser Pro
skill,Alliance Automotive Shop Controller
skill,Blue Streak Electronics Buell Diagnostic
skill,Snap-On ShopKey
skill,Genisys Fast Fixes
skill,Hunter WinAlign
skill,Mitchell OnDemand5 Manager
skill,Scott Systems MaxxTraxx Pro
skill,Cummins Insite
skill,Microsoft Oulook
skill,ServiceMax
skill,WheelShop Automation.com Wheel Shop Management Suite
skill,CDI Electronics M.E.D.S.
skill,Rinda Technologies DIACOM Marine
skill,DealerTrax ShopOrder
skill,Santa Maria Software Counterman Pro
skill,Ideal Computer Systems Ideal OPE
skill,Cworks CMMS
skill,Johnson Controls Metasys
skill,ManagerPlus
skill,Intac International Wintac
skill,RazorSync
skill,Mapcom systems M4
skill,Mensurix Audio
skill,Reyburn CyberTuner
skill,Veritune Verituner
skill,Sage Software Sage50
skill,Upland Consulting Group Repair Traq
skill,Marathon Data Systems ServiceCEO
skill,WH Software InstaCode
skill,WH Software MasterKey
skill,Encompix ERP
skill,Epicor Vista ERP
skill,Intacct ERP
skill,Microsoft Axapta
skill,Technology Group International Enterprise 21 ERP
skill,Rasmussen Software Anzio
skill,Barrington Software CookenPro
skill,LegacyUSA BakeSmart
skill,Masters Software CakeBoss
skill,TwinPeaks Software Visual Z-Bake
skill,AccountMate Software AccountMate
skill,Plex Systems Plex Manufacturing Cloud
skill,CGTech Vericut CNC
skill,DP Technology ESPRIT
skill,EditCNC
skill,EZ-CAM
skill,FlashCut CNC
skill,JETCAM
skill,KCD
skill,MDSI OpenCNC
skill,Predator DNC
skill,Vero Software Edgecam
skill,Virtual Gibbs CADD/CAM
skill,Autodesk PartMaker
skill,Autodesk PowerMill
skill,Autodesk PowerShape
skill,Celeritive Technologies VoluMill
skill,Dolphin CAD/CAM
skill,FANUC CNC
skill,ICAM CAM-POST
skill,Mastercam
skill,Missler Software TopSolid
skill,RADAN Radbend
skill,Tebis
skill,Top Systems T-FLEX CAM
skill,Uncamco Ucam
skill,Vero Software PEPS
skill,Vero Software RADAN
skill,Vero Software VISI
skill,Vero Software WorkNC
skill,Striker Systems SS-Punch
skill,Autodesk HSMWorks
skill,Edgecam
skill,Vero Software Alphacam
skill,Hexagon Metrology PC-DMIS
skill,OneCNC CAD/CAM
skill,OnShape
skill,Siemens NX
skill,3D Systems Geomagic Design X
skill,data M Software COPRA MetalBender
skill,Kubotek USA KeyCreator
skill,Logopress
skill,Striker Systems SS-Die Design
skill,Zoller
skill,Esko ArtPro
skill,Hamrick Software VueScan
skill,LaserSoft Imaging SilverFast Ai Studio
skill,Adobe Systems Adobe LifeCycle Production Print ES3
skill,Printers Software Inc. Presidio
skill,Xerox ProfitQuick
skill,DuPont ColorNet
skill,ABB PSGuard
skill,Catapult Software iPower SCADA
skill,Radius NetMan
skill,Radius Uni-View
skill,Emerson Ovation
skill,Siemens Power Plant Automation SPPA
skill,Easy Solutions Easy Lab
skill,LabMagic
skill,Laboratory Systems Group Lab Manager
skill,Camstar Systems Camstar Semiconductor Suite
skill,National Instruments TestStand
skill,HeliconSoft Helicon Focus
skill,Gravograph GravoStyle
skill,Western Engravers Supply Vision EXPERT
skill,Objectif Lune PrintShop Mail
skill,Corel WordPerfect Office
skill,@Road GeoManager
skill,CAPE Systems CAPE PACK
skill,CAPE Systems TRUCKFILL
skill,Coptimal Logics AutoLoad Pro
skill,Creative Systems Corporation Freight-Link System
skill,Optimum Logistics LoadPlanner
skill,Softtruck CargoWiz
skill,TOPS Engineering MaxLoad Pro
skill,UPS Logistics Technologies Roadnet Transportation Suite
skill,XATA XATANET
skill,AirSmith FlightPrompt
skill,IFT-Pro
skill,Navzilla
skill,Notam Development Group Airport Insight
skill,Polaris Microsystems CharterLog
skill,RMS Technology Flitesoft
skill,SBS International Maestro Suite
skill,IBM Lotus LearningSpace
skill,AOL MapQuest
skill,MarcoSoft Quo Vadis
skill,PeopleNet
skill,Actsoft Comet
skill,Mobile Knowledge Cabmate
skill,Piccolo Software PiccoloTaxi
skill,TranWare Enterprise Suite
skill,Bourque Data Systems YardMaster
skill,SAIC
skill,KNMI TurboWin
skill,Damen DAMOS
skill,Aspen
skill,Intelligrated InControlWare
skill,Argos Software ABECAS Insight WMS
skill,ATMS StockTrack PLUS
skill,Lilly Software Associates VISUAL DCMS
skill,Motek Priya
skill,SSA Global Supply Chain Management
skill,Symphony GOLD
skill,BookFresh
skill,CompuWeigh GMS
skill,Smartphones
skill,DroneDeploy
skill,Autosamplers
skill,Hearses
skill,Lenel Onguard
skill,Enterotomes
skill,T-Birds
skill,Machetes
skill,Tribrachs
skill,Hypsometers
skill,Autoclaves
skill,Slipmeters
skill,Contact testers
skill,Meggers
skill,Torvanes
skill,Rotavapors
skill,Hatchets
skill,Brooders
skill,Dehorners
skill,Griddles
skill,Macro kjeldahls
skill,Micro kjeldahls
skill,Microtomes
skill,Phosporimagers
skill,Biofreezers
skill,Hardy Diagnostics HUGO
skill,Kayaks
skill,Betatrons
skill,Gaussmeters
skill,Pistonphones
skill,Blungers
skill,Livingstone corers
skill,Luxmeters
skill,Bulldozers
skill,Dibblers
skill,Relaskops
skill,Gavels
skill,Hoedads
skill,Loppers
skill,Peaveys
skill,Cryoloops
skill,Reachers
skill,Permacaths
skill,Google Maps
skill,Logos Bible Software Lexham Bible Dictionary
skill,Pianos
skill,Conewinders
skill,23
skill,Sergers
skill,Dollies
skill,Electronic news gathering ENG cameras
skill,Teleprompters
skill,Banjoes
skill,Capos
skill,Dulcimers
skill,Maracas
skill,Marimbas
skill,Oboes
skill,Piccolos
skill,Timpani
skill,Trombones
skill,Tubas
skill,Violas
skill,Snoots
skill,Softboxes
skill,YouTube.com
skill,Medical x ray buckys
skill,Mucotomes
skill,Twirl-ons
skill,Halberg clips
skill,Lensometers
skill,Neuropens
skill,Lensmeters
skill,Novarad NovaPacs
skill,Scooters
skill,Trackpads
skill,Copyholders
skill,Aquacisers
skill,Occipivots
skill,Headpointers
skill,Microhematocrits
skill,Hemoclips
skill,Isolettes
skill,Oxyhoods
skill,Unopettes
skill,Vibratomes
skill,Angiojets
skill,Venodynes
skill,Gilibrators
skill,Impingers
skill,Retriever PACS
skill,Jacks
skill,Broilers
skill,Colanders
skill,Jiggers
skill,Zesters
skill,Tangam Gaming TableEye21
skill,Strops
skill,Filmers
skill,Microfilmers
skill,Addressographs
skill,Sawbucks
skill,Debeakers
skill,Ditchers
skill,Haybines
skill,Windrowers
skill,Brailers
skill,Dogbones
skill,Drogues
skill,Gaffs
skill,Jigs
skill,Trollers
skill,Trotlines
skill,HuntingSouth HuntSmart
skill,Guylines
skill,Screnches
skill,Groovers
skill,Jointers
skill,Brad tackers
skill,Morticers
skill,Pettibones
skill,Snips
skill,Tappers
skill,Cultipackers
skill,Derricks
skill,Draglines
skill,Milliameters
skill,Tirfors
skill,Rapwrenches
skill,Darbies
skill,Drifts
skill,Tempscribes
skill,Unishears
skill,Decoilers
skill,Megohmeters
skill,Comealongs
skill,Gradalls
skill,Snoopers
skill,Bobcats
skill,MxManager
skill,Pick pull rods
skill,Buffers
skill,Riveters
skill,Regroovers
skill,Pinchbars
skill,Trackhoes
skill,Juke boxes
skill,Marlinspikes
skill,Push fids
skill,Hi-los
skill,Autoriveters
skill,Bain maries
skill,Ramekins
skill,Trammels
skill,Broachers
skill,Slitters
skill,Tackers
skill,Bowl gouges
skill,Tenoners
skill,Reboilers
skill,Sputterers
skill,Intercoolers
skill,Gravers
skill,Minibuses
skill,Pedicabs
skill,Rickshaws
skill,Clips
skill,Dockboards
