skill,Expresión oral
skill,Solicitud de información
skill,Facilidad numérica
skill,Visualización
skill,Administración y Gestión
skill,Ventas y Marketing
skill,Producción y procesamiento
skill,Diseño
skill,Mecánico
skill,Matemáticas
skill,Física
skill,Química
skill,Biología
skill,Psicología
skill,Geografía
skill,Telecomunicaciones
skill,Transporte
skill,Escribiendo
skill,Ciencia
skill,Pensamiento crítico
skill,Monitoreo
skill,Coordinación
skill,Persuasión
skill,Negociación
skill,Instalación
skill,Programación
skill,Supervisión de la operación
skill,Solución de problemas
skill,Gestión del tiempo
skill,Microsoft Excel
skill,Microsoft Office
skill,PHP
skill,SQL
skill,Facebook
skill,Google AdWords
skill,Google Analytics
skill,LinkedIn
skill,R
skill,SAS
skill,Symantec
skill,Cuadro
skill,Youtube
skill,JavaScript
skill,Drupal
skill,Hootsuite
skill,MailChimp
skill,Pinterest
skill,Twitter
skill,WordPress
skill,MySQL
skill,Oracle PL/SQL
skill,Rápido
skill,C
skill,Linux
skill,Objetivo C
skill,Python
skill,UNIX
skill,Empleado
skill,Exe
skill,Google Drive
skill,Chef
skill,Scala
skill,ESTADÍSTICA
skill,Software estadístico
skill,Software SAP
skill,EQUEST
skill,Google
skill,AJAX
skill,jQuery
skill,Lenos
skill,Inteligente
skill,Software de encuestas
skill,Equipo de ventas
skill,Destino
skill,Nesso
skill,ETRAC
skill,SAP Business One
skill,Ada
skill,J
skill,Rapide
skill,AWK
skill,Logotipo
skill,Esquema
skill,Android
skill,Arranque
skill,MariaDB
skill,iPro
skill,ngrep
skill,Ruta
skill,A la unidad
skill,Primavera
skill,Joomla
skill,Salesforce Marketing Cloud
skill,SSL
skill,Intermina
skill,ARENA
skill,Fáciles
skill,Clarity
skill,WhatsApp
skill,Lua
skill,AML
skill,AUTO
skill,Azteca
skill,Kant
skill,Derivar
skill,HABILIDAD
skill,ETAP
skill,Abad
skill,SUPREMA
skill,Jugador
skill,Escenario
skill,Geda
skill,Cúbico
skill,INTELIGENTE
skill,Analiz
skill,IRIS
skill,REDUCIR
skill,Analizar
skill,Bases de datos de clientes
skill,SPSS
skill,TEMOR
skill,Zócalo
skill,Software de edición
skill,Plataformas de redes sociales
skill,Plaza
skill,Skype
skill,PREMIS
skill,Superar
skill,Nu
skill,Instagram
skill,Agencia Pro
skill,Snapchat
skill,Google +
skill,Borrador
skill,RSS
skill,Por favor
skill,KARIO
skill,Impacto
skill,La asistencia
skill,Comida a domicilio
skill,Vid
skill,SAP ERP
skill,Sable
skill,Perfecto
skill,Cuadros
skill,Niveles
skill,Sena
skill,Plantillas
skill,Tornos
skill,Saldos
skill,Prensas hidráulicas
skill,Paso a paso
skill,Metros
skill,Extractores
skill,Tableros
skill,Camiones
skill,Google Maps
skill,23
skill,Embarcaciones
skill,Campanas
skill,Claves
skill,Exploradores
skill,Ortopedia
skill,Pesos
skill,Conos
skill,Cilindros
skill,Filtros
skill,Marcos
skill,Restricciones
skill,Visados
skill,Químicos
skill,Jacks
skill,Almacen
skill,Dados
skill,Tractores
skill,Focos
skill,Calendarios
skill,Terrestres
skill,Alterna
skill,Cargas
skill,Líneas aéreas
skill,Frenos
skill,Flota
skill,Generadores
skill,Plataformas
skill,Herramientas de análisis
skill,Medidores
skill,Llamadas
skill,Diques
skill,Paneles
skill,Chino
skill,Tizadores
skill,Calderas
skill,Guías
skill,Pantallas
skill,Reglas
skill,Espumas
skill,Cruceros
skill,Automóviles
skill,Expresión escrita
skill,Destreza manual
skill,Resistencia
skill,Producción de Alimentos
skill,Bellas Artes
skill,Comprensión de lectura
skill,Instrucción
skill,Análisis de operaciones
skill,Funcionamiento y control
skill,Mantenimiento de equipos
skill,Reparando
skill,Análisis de control de calidad
skill,Gestión de Recursos Materiales
skill,Microsoft Dynamics AX
skill,Microsoft Outlook
skill,Microsoft PowerPoint
skill,Microsoft Word
skill,Software de programación
skill,Microsoft Dynamics
skill,Microsoft Windows
skill,Minitab
skill,Anote
skill,Software de base de datos
skill,Ensambladora
skill,Software de optimización
skill,Gmail
skill,Reacciona
skill,Gerente de Restaurante
skill,Solicitantes
skill,Prolog
skill,Cuadrado
skill,Software de precios
skill,Plan maestro
skill,Software de simulación
skill,Respira
skill,Diámetro
skill,Modula
skill,Sistema de control de procesos
skill,Probando
skill,Grails
skill,Alga
skill,Magma
skill,Maxima
skill,PromoDel
skill,CAD/CAM
skill,MAGIA
skill,CHORRO
skill,Código G
skill,Rockwell Automation
skill,Cenador
skill,SOPLO
skill,Excavadora
skill,XV
skill,TANQUES
skill,COSECHA
skill,Lenguajes de programación
skill,Batidora
skill,Localizador
skill,Dispara
skill,En todas partes
skill,HMS
skill,Vigilante
skill,Software de mantenimiento
skill,Mastercam
skill,Edgecam
skill,Siemens NX
skill,Aspen
skill,Escáneres
skill,Estaciones de trabajo
skill,Manómetros de presión
skill,Equipo de protección personal
skill,Retroexcavadoras
skill,Sondas de temperatura
skill,Bombas centrífugas
skill,Andamios
skill,Lupa
skill,Manómetros
skill,Multímetros
skill,Soldadores
skill,Copiadoras
skill,Básculas
skill,Palas
skill,Centrífugas
skill,Deflectores
skill,Incubadoras
skill,Microcontroladores
skill,Fresadoras
skill,Osciloscopios
skill,Máquinas de moldeo por inyección de plástico
skill,Intercambiadores de calor
skill,Liofilizadores
skill,Tanques de mezcla
skill,Bombas de vacío
skill,Medidores de espesor
skill,Contadores de frecuencia
skill,Pirómetros
skill,Termopares
skill,Autoclaves
skill,Comparadores ópticos
skill,Micrófonos
skill,Balanzas analíticas
skill,Durómetros
skill,Máquinas de moldeo por inyección
skill,Compresores de aire
skill,Hornos de inducción
skill,Grúas aéreas
skill,Extrusoras
skill,Tensores
skill,Polarímetros
skill,Sistemas de visión
skill,Controladores de temperatura
skill,Llaves Allen
skill,Equipo de soldadura
skill,Extintores
skill,Micrómetros
skill,Cabinas de pintura
skill,Equipos de soldadura
skill,Tacómetros
skill,Transformadores
skill,Vasos
skill,Congeladores
skill,Hornos
skill,Micropipetas
skill,Máquinas de extrusión
skill,Sensores de temperatura
skill,Calibre
skill,Hornos de reflujo
skill,Centros de mecanizado
skill,Sensores de proximidad
skill,Medidores eléctricos
skill,Pipetas
skill,Calentadores de agua
skill,Hachas
skill,Parrillas
skill,Rangos
skill,Redes aéreas
skill,Trampas de luz
skill,Bombas de agua
skill,Cubetas
skill,Secadores de aire
skill,Hornos de combustión
skill,Aeronaves
skill,Empacadoras
skill,Discos
skill,Grades
skill,Escaleras
skill,Cortadoras
skill,Arados
skill,Esterilizadores
skill,Comparadores
skill,Picas
skill,Barcos
skill,Excavadoras
skill,Cromatógrafos de gases
skill,Paletas
skill,Balanzas
skill,Hornos de fundición
skill,Torniquetes
skill,Urómetros
skill,Hornos de gas
skill,Líneas eléctricas
skill,Refrigeradores
skill,Secadores
skill,Paracaídas
skill,Mangueras
skill,Básculas digitales
skill,Colectores de polvo
skill,Hornos eléctricos
skill,Secadoras
skill,Hornos de vidrio
skill,Herramientas de mano
skill,Tijeras
skill,Escaleras eléctricas
skill,Tableros electrónicos
skill,Amplificadores
skill,Arpas
skill,Reguladores
skill,Polipastos
skill,Telares
skill,Poleas
skill,Sierras
skill,Bicicletas
skill,Marcapasos
skill,Ventiladores
skill,Catéteres
skill,Cromatógrafos
skill,Estilos
skill,Microscopios
skill,Transductores
skill,Rejillas
skill,Correas
skill,Monitores
skill,Codificadores
skill,Anteojos
skill,Lámparas de inspección
skill,Brazos
skill,Fresas
skill,Aireadores
skill,Azadas
skill,Palancas
skill,Generadores de energía
skill,Pistolas
skill,Rodillos
skill,Máquinas de corte
skill,Tostadoras
skill,Freidoras
skill,Cuchillos
skill,Máquinas de bebidas
skill,Cafeterías
skill,Estufas
skill,Carretillas
skill,Escobas
skill,Cortadoras manuales
skill,Carros
skill,Patines
skill,Rizadores
skill,Planchas
skill,Alarmas
skill,Lavadoras
skill,Sistemas de alarma
skill,Cajas de seguridad
skill,Motocicletas
skill,Bombas de gas
skill,Dispositivos de seguridad
skill,Bandas transportadoras
skill,Elevadores
skill,Sondas
skill,Subsuelo
skill,Bovinos
skill,Jigs
skill,Transportistas
skill,Persianas
skill,Tapones
skill,Aviones
skill,Bombas de carga
skill,Taladros
skill,Jointers
skill,Líneas de vida
skill,Pulidoras
skill,Ventosas
skill,Generadores eléctricos
skill,Forros
skill,Tenedores
skill,Golpes
skill,Manipulación
skill,Botas de seguridad
skill,Barredoras
skill,Árboles
skill,Máquinas sopladoras
skill,Cerdos
skill,Tuberías
skill,Transmisores
skill,Costureras
skill,Pinzas
skill,Bombas hidráulicas
skill,Plataformas de trabajo
skill,Sopladores
skill,Camiones pesados
skill,Motores de gasolina
skill,Motores diésel
skill,Sistemas de ventilación
skill,Vehículos blindados
skill,Máquinas de soldadura
skill,Rectificadores
skill,Cuchillas
skill,Bastidores
skill,Detectores de fugas
skill,Llaves
skill,Llaves hidráulicas
skill,Máquinas etiquetadoras
skill,Milímetros
skill,Troqueles de corte
skill,Engranajes
skill,Hornos rotatorios
skill,Corte de cables
skill,Pipas
skill,Magnetizadores
skill,Enrutadores
skill,Tanques de aire
skill,Aletas
skill,Robots de soldadura
skill,Cortadores
skill,Máquinas de moldeo
skill,Controladores
skill,Hornos industriales
skill,Tableros eléctricos
skill,Dispositivos de elevación
skill,Herramientas de corte
skill,Punzonadoras
skill,Equipo de corte
skill,Equipo de costura
skill,Lavadoras industriales
skill,Husillos
skill,Sistemas de control automático
skill,Motores de combustión
skill,Condensadores
skill,Tablas de control
skill,Transmisores de flujo
skill,Encendedor
skill,Bombas neumáticas
skill,Limpiadores
skill,Sistemas de aire acondicionado
skill,Sistemas de refrigeración
skill,Fraccionadores
skill,Reactores
skill,Guillotinas
skill,Quemadores
skill,Máquinas formadoras
skill,Cajas de luz
skill,Calibradores
skill,Tornos convencionales
skill,Sistemas de aire comprimido
skill,Mesas de trabajo
skill,Prensas mecánicas
skill,Sistemas neumáticos
skill,Semáforos
skill,Artilleros
skill,Bombas de descarga
skill,Delicias
skill,Máquinas de ensacado
skill,Roedores
skill,Comprensión Oral
skill,Ingeniería y Tecnología
skill,Spanish Language
skill,Lengua extranjera
skill,Estrategias de aprendizaje
skill,Microsoft Access
skill,Microsoft SQL Server
skill,Moodle
skill,GitHub
skill,Ubuntu
skill,dBase
skill,Método B
skill,Compiladores
skill,Gemelos
skill,Voleibol
skill,Biberones
skill,Hablando
skill,Solución de problemas complejos
skill,Selección de equipos
skill,Juicio y toma de decisiones
skill,Análisis de Sistemas
skill,Evaluación de sistemas
skill,Oracle E-Business Suite
skill,SAVIA
skill,Autodesk AutoCAD
skill,Microsoft Visio
skill,Penúltimo
skill,Contacto constante
skill,Ruby on Rails
skill,Microsoft Visual Studio
skill,MongoDB
skill,PTC Creo Parametric
skill,Sistema de control distribuido DCS
skill,Django
skill,Docker
skill,HEC-RAS
skill,Policía
skill,Sistemas de gestión de inventario
skill,JUnit
skill,Nmap
skill,Software de diagramación
skill,WebFocus
skill,VMware
skill,- En adelante
skill,Pascal
skill,Xcode
skill,QNX
skill,Subversión
skill,ANSYS
skill,Lógica de escalera
skill,Autodesk Inventor
skill,IBM Rational
skill,Software de prueba
skill,PVSyst
skill,Software de análisis
skill,Delcam
skill,OpenStack
skill,SQLite
skill,Látex
skill,ETABS
skill,Software de productividad
skill,Adobe Acrobat
skill,Software de dibujo
skill,Adaptarlo
skill,Microsoft Power Point
skill,Infor XA
skill,Emerson Ovation
skill,Software CAD/CAM
skill,Sistemas de videoconferencia
skill,Impresoras de inyección de tinta
skill,Impresoras láser
skill,Analizadores de red
skill,Carretillas elevadoras
skill,Generadores diesel
skill,Turbinas de vapor
skill,Interruptores eléctricos
skill,Transformadores de potencia
skill,Sistemas de videovigilancia
skill,Grúas torre
skill,Teléfonos inteligentes
skill,Digitalizadores
skill,Generadores de señales
skill,Dinamómetros
skill,Sistemas de destilación
skill,Sistemas de filtración
skill,Cámaras de vacío
skill,Microprocesadores
skill,Medidores de pH
skill,Transformadores de aislamiento
skill,Videocámaras
skill,Campanas de flujo laminar
skill,Mazos
skill,Martillos
skill,licuadoras
skill,Fermentadores
skill,Metalografías
skill,Taladradoras
skill,Sierras de corte
skill,Detectores de metales
skill,Estaciones meteorológicas
skill,Sistemas de ósmosis inversa
skill,Cosechadoras
skill,Macetas
skill,Campanas de flujo
skill,Hornos de microondas
skill,Dollies
skill,Plomadas
skill,Máquinas de anestesia
skill,Morteros
skill,Brazos robóticos
skill,Desfibriladores
skill,Pistolas de calor
skill,Armónicas
skill,Consolas de videojuegos
skill,Impresoras térmicas
skill,Camillas
skill,Cabezales
skill,Cuadros de control
skill,Sistemas de detección de incendios
skill,Bomberos
skill,Sistemas de control de acceso
skill,Estufas eléctricas
skill,Dispensadores de jugos
skill,Mezcladores
skill,Salamandras
skill,Máquinas de hielo
skill,Esponjas
skill,Vehículos utilitarios
skill,Detectores de humo
skill,Cámaras de seguridad
skill,Cintas transportadoras
skill,Procesadores de texto
skill,Manipuladores telescópicos
skill,Trollers
skill,Fundas
skill,Grúas hidráulicas
skill,Bordes
skill,Cargadores
skill,Motoniveladoras
skill,Antorchas
skill,Equipos de nivelación
skill,Máquinas de alineación
skill,Soportes de motor
skill,Máquinas de tensión
skill,Herramientas de perforación
skill,Hornos de curado
skill,Equipos de refrigeración industrial
skill,Evaporadores
skill,Sistemas de lubricación
skill,Crimpadoras
skill,Moldes de fundición
skill,Escribas
skill,Bobinas
skill,Tackers
skill,Granuladores
skill,Absorbentes
skill,Difusores
skill,Actuadores de válvulas
skill,Convertidores catalíticos
skill,Reactores químicos
skill,Crisoles
skill,Generadores de emergencia
skill,Clips
skill,Plantas de asfalto
skill,Originalidad
skill,Quark
skill,Prezi
skill,Software de blogs
skill,FlexBox
skill,Siemens Teamcenter
skill,ActionScript
skill,Autodesk 3ds Max
skill,Autodesk Maya
skill,Evisión de archivos
skill,IronCad
skill,IntelliCAD
skill,Quark Xpress
skill,Gráfico Q
skill,Real Pro
skill,SAIC
skill,Servidores Web
skill,Máscaras
skill,Casos de ruta
skill,Educación y Formación
skill,Pizarra
skill,C #
skill,Trópicos
skill,Audacia
skill,Información clínica
skill,Práctica privada
skill,Humidificadores
skill,Espectrofotómetros
skill,Trocar
skill,Tomadores de muestras
skill,Selecciones
skill,Transductores de presión
skill,Fotómetros
skill,Hornos de secado
skill,Hidrómetros
skill,Tubos de ensayo
skill,Equipo de rayos X
skill,Higrómetros
skill,Sensores de humedad
skill,Electroencefalogramas
skill,Monitores de signos vitales
skill,Fluoroscopios
skill,Electrocardiograma
skill,Procesadores de tejidos
skill,Ambulancias
skill,Equipo de esterilización
skill,Salvavidas
skill,Deshumidificadores
skill,Compresores de refrigeración
skill,Sistemas de vacío
skill,Razonamiento matemático
skill,Tiempo compartido
skill,Control de velocidad
skill,Citrix
skill,Microsoft Dynamics CRM
skill,Sistemas de control de inventario
skill,LINDO
skill,BLAT
skill,Tabit
skill,Blogger
skill,Buzón
skill,Cajas registradoras
skill,Colorímetros
skill,Incubadoras de huevo
skill,Sillas de ruedas
skill,Capos
skill,Cucharas
skill,Sartenes
skill,Cojines
skill,Cacerolas
skill,Equipo de navegación
skill,Compactadores
skill,Gestión de Recursos Financieros
skill,Microsoft Dynamics NAV
skill,Sistema de gestión de almacenes WMS
skill,MapInfo
skill,Software de contabilidad
skill,Cierta
skill,Poder de negociación
skill,Netiq
skill,Ciclón
skill,Software ERP
skill,Google Chrome
skill,Pajarita
skill,CCP4
skill,Cámaras de vigilancia
skill,Camiones cisterna
skill,Indicadores de nivel
skill,Los transportadores
skill,Servidores Windows
skill,Simuladores de vuelo
skill,Medidores de gas
skill,Cajas de carga
skill,Zapatos de seguridad
skill,Camiones de carga pesada
skill,Rastrillos
skill,Scooters
skill,Cinturones de seguridad
skill,Armas de fuego
skill,Horquillas
skill,Camiones de carga
skill,Hierros
skill,Forjadores
skill,Camiones grandes
skill,Camiones de transporte
skill,Lectores de código
skill,Vehículos de motor
skill,Amarres
skill,PostgreSQL
skill,Wireshark
skill,Esri ArcGIS
skill,Software de modelado
skill,BWA
skill,Juris
skill,Muñecas
skill,Sistemas de intercomunicación
skill,YouTube.com
skill,Niveles de agua
skill,Plataformas articuladas
skill,Llaves de lavabo
skill,Sistemas de humidificación
skill,Bombas de aceite
skill,Equipo de primeros auxilios
skill,Fitnesse
skill,Bastones
skill,Reconocimiento de voz
skill,Seguridad Pública
skill,Diseño de Tecnología
skill,Microsoft SharePoint
skill,Apache Hadoop
skill,IBM InfoSphere DataStage
skill,McAfee
skill,Microsoft Exchange Server
skill,Mozilla Firefox
skill,Nagios
skill,NetSuite ERP
skill,Oracle Hyperion
skill,Sugar CRM
skill,Veritas NetBackup
skill,Software de visualización de datos
skill,Herramientas de desarrollo de software
skill,Vimeo
skill,Apache Solr
skill,Despejar
skill,Elasticsearch
skill,NoSQL
skill,Eclipse IDE
skill,Software de inventario
skill,Microsoft Azure
skill,Slack
skill,Servidor HTTP Apache
skill,Apache Maven
skill,Apache Tomcat
skill,IBM WebSphere
skill,Software LAN
skill,Microsoft .NET Framework
skill,Microsoft Windows Server
skill,Node.js
skill,Red Hat Enterprise Linux
skill,Samba
skill,Deltek
skill,Selenio
skill,Verilog
skill,Microsoft SQL Server Reporting Services
skill,Software de gestión de proyectos
skill,Sistema operativo Microsoft
skill,Software AG
skill,Software de evaluación
skill,Ext JS
skill,Microsoft Team Foundation Server
skill,Transact-SQL
skill,IBM Cognos
skill,Metasploit
skill,Bing Ads
skill,PayPal
skill,Software de tiempo y asistencia
skill,Software de auditoría
skill,Software de inteligencia empresarial
skill,CMAKE
skill,IBM DB2
skill,InstallShield
skill,SAP NetWeaver
skill,Software de control de versiones
skill,Software SAS
skill,Honeypot
skill,HP Fortify
skill,Kali Linux
skill,Tcpdump
skill,Bourne Shell
skill,Clipper
skill,Haskell
skill,ADO.NET
skill,Apache Hbase
skill,LibreOffice
skill,IBM AIX
skill,SAP Business Intelligence
skill,MarkLogic
skill,PhantomJS
skill,RequireJS
skill,Ab Initio
skill,Oracle Golden Gate
skill,Zabbix
skill,Citrix XenApp
skill,Cisco IOS
skill,Infoblox
skill,Microsoft Active Directory
skill,Software antivirus
skill,ipconfig
skill,netstat
skill,Software de monitoreo de red
skill,Analizadores de paquetes
skill,Traceroute
skill,Bugzilla
skill,Estación de trabajo VMware
skill,Watir
skill,Microsoft Exchange
skill,Oracle Essbase
skill,Software de integración continua
skill,Redmine
skill,ASPX
skill,SeoMoz
skill,OpenGL
skill,Oracle WebLogic
skill,Sistema de software
skill,SAS Enterprise Miner
skill,Robot Framework
skill,GeODA
skill,BASE TECNOLÓGICA
skill,MLPU
skill,Apache Jmeter
skill,Imanage
skill,SoftPro
skill,PhoneGap
skill,Lucidchart
skill,Pixelmator
skill,Programación de bases de datos
skill,Brightcove
skill,IBM i
skill,Mantenimiento de SAP
skill,Código M
skill,National Instruments TestStand
skill,PeopleNet
skill,Software de procesamiento de pagos
skill,Computadoras de escritorio
skill,Computadoras portátiles
skill,Smartphones
skill,Teléfonos móviles
skill,Sistemas de punto de venta POS
skill,Tablet PC
skill,Servidores informáticos
skill,Servidores de archivos
skill,Servidores de impresión
skill,Servidores de almacenamiento
skill,Equipo de videoconferencia
skill,Lectores de códigos de barras
skill,Lectores de tarjetas
skill,Servidores de aplicaciones
skill,Generadores de tráfico
skill,Pelacables
skill,Embudos
skill,Equipo de proyección
skill,Cámaras web
skill,Cámaras fijas
skill,Plantillas de diseño
skill,Auriculares
skill,Pajas
skill,Elípticas
skill,Punteros
skill,Helicópteros
skill,Módems
skill,Anclajes
skill,Líneas base
skill,Botas de trabajo
skill,Pantallas táctiles
skill,Terminales de punto de venta
skill,Terminadores
skill,Rotuladores
skill,Lentes de aumento
skill,Alarmas de intrusión
skill,Rubí
skill,Genial
skill,SABIO
skill,Punto de venta ASI
skill,Fotocopiadoras
skill,Ventiladores mecánicos
skill,Máquinas de coser
skill,Equipo de anestesia
skill,Lociones corporales
skill,Marcadores predictivos
skill,Calculadoras
skill,Establecer redes
skill,Autobuses de pasajeros
skill,Visión cercana
skill,Intuit QuickBooks
skill,Software fiscal
skill,Software de facturación
skill,Hyperion Enterprise
skill,Cavar
skill,APLAC
skill,ENSEMBL
skill,Gatos hidráulicos
skill,Enganches
skill,Silenciadores
skill,Comprensión escrita
skill,Personal y Recursos Humanos
skill,Orientación del servicio
skill,eBuy
skill,Software de edición de fotos
skill,Asambla
skill,KSEG
skill,Mendel
skill,Caja de seguridad
skill,Ortográfico
skill,Envío digital
skill,Filtros de agua
skill,Equipo de medición de señales
skill,Prismas
skill,Aspiradoras
skill,Estabilizadores
skill,Mesas de instrumentos
skill,Camiones de reparto
skill,Purificadores de agua
skill,Se levanta
skill,Herramientas de dibujo
skill,Herramientas de sujeción
skill,Impresión de archivos
skill,Bombas inyectoras
skill,Cintas de acero
skill,Filtros industriales
skill,Software de redes sociales
skill,Software de animación
skill,Software de edición de audio
skill,Sistemas de sonido
skill,Corneta
skill,Asistente de reclutamiento
skill,Software de pruebas psicométricas
skill,Audífonos
skill,Perfiladores
skill,Deductive Reasoning
skill,Clerical
skill,Sales and Marketing
skill,Design
skill,Mechanical
skill,Mathematics
skill,Psychology
skill,English Language
skill,Telecommunications
skill,Transportation
skill,Active Listening
skill,Writing
skill,Speaking
skill,Science
skill,Critical Thinking
skill,Monitoring
skill,Coordination
skill,Negotiation
skill,Service Orientation
skill,Complex Problem Solving
skill,Installation
skill,Programming
skill,Troubleshooting
skill,Repairing
skill,Judgment and Decision Making
skill,Time Management
skill,SAP
skill,SAP Business Objects
skill,Tableau
skill,YouTube
skill,C#
skill,eXe
skill,Git
skill,React
skill,STATISTICA
skill,Oracle
skill,Scribe
skill,eQuest
skill,Certain
skill,Salesforce
skill,Tivoli
skill,eTrac
skill,Logo
skill,Scheme
skill,Self
skill,Dig
skill,Route
skill,SAND
skill,AMPL
skill,Aztec
skill,SAGE
skill,Derive
skill,SKILL
skill,Abbot
skill,JET
skill,CAzM
skill,SUPREM
skill,Player
skill,Stage
skill,Automation Studio
skill,gEDA
skill,Velvet
skill,SMART
skill,Analyz
skill,Ferret
skill,Image editing software
skill,Hotspot
skill,FEAR
skill,Editing software
skill,ImPACT
skill,Bing
skill,Vine
skill,Levels
skill,Templates
skill,Alidades
skill,Meters
skill,Ranges
skill,Canes
skill,Cones
skill,Frames
skill,Vises
skill,Burs
skill,Dice
